history_id,occurred_at_kst,inserted_at_kst,date_kst,week_start_kst,month_kst,record_class,brand,brand_name,method,path,source,user_hash,query,query_normalized,query_length,matched,score,faq_id,faq_question,category_id,category_name,answer_type,selected_model,query_corrected,typo_corrections,explicit_handoff_utterance
8,2026-05-20T22:17:36.044,2026-05-20T22:17:36.411191,2026-05-20,2026-05-18,2026-05,production_user,laurastar,Laurastar,POST,/faq/search,kakao_search,6d24b5f673800df6,모델문의,모델문의,4,false,0,,,,,common,,,[],false
9,2026-05-20T22:23:22.098,2026-05-20T22:23:22.388465,2026-05-20,2026-05-18,2026-05,production_user,laurastar,Laurastar,POST,/faq/search,kakao_search,6d24b5f673800df6,질문,질문,2,false,0,,,,,common,,,[],false
10,2026-05-20T22:23:34.742,2026-05-20T22:23:35.266414,2026-05-20,2026-05-18,2026-05,production_user,laurastar,Laurastar,POST,/faq/search,kakao_search,6d24b5f673800df6,"Smart I, Smart M, Smart U 차이가 무엇인가요?",smart i smart m smart u 차이가 무엇인가요,36,true,420,smart-model-differences,"Smart I, Smart M, Smart U 차이가 무엇인가요?",smart,Smart 시리즈,common,,,[],false
11,2026-05-20T22:23:45.186,2026-05-20T22:23:45.702401,2026-05-20,2026-05-18,2026-05,production_user,laurastar,Laurastar,POST,/faq/search,kakao_search,6d24b5f673800df6,"Lift, Lift Plus, Lift Xtra 차이가 무엇인가요?",lift lift plus lift xtra 차이가 무엇인가요,37,true,432,lift-model-differences,"Lift, Lift Plus, Lift Xtra 차이가 무엇인가요?",lift,Lift 시리즈,common,,,[],false
12,2026-05-20T22:24:06.56,2026-05-20T22:24:06.632727,2026-05-20,2026-05-18,2026-05,production_user,laurastar,Laurastar,POST,/faq/search,kakao_search,6d24b5f673800df6,사용 설명서,사용 설명서,6,true,236,common-manual-video,사용 설명서나 영상은 어디서 볼 수 있나요?,common,공통 사용/관리,common,,,[],false
13,2026-05-20T22:24:26.702,2026-05-20T22:24:26.754619,2026-05-20,2026-05-18,2026-05,production_user,laurastar,Laurastar,POST,/faq/search,kakao_search,6d24b5f673800df6,IGGI 사용 후 마개는 어떻게 보관하나요?,iggi 사용 후 마개는 어떻게 보관하나요,24,true,392,iggi-cap-storage,IGGI 사용 후 마개는 어떻게 보관하나요?,iggi,IGGI 핸디형 스티머,common,,,[],false
14,2026-05-20T22:27:02.016,2026-05-20T22:27:02.314157,2026-05-20,2026-05-18,2026-05,production_user,laurastar,Laurastar,POST,/faq/search,kakao_search,6d24b5f673800df6,매뉴얼,매뉴얼,3,true,138,common-manual-video,사용 설명서나 영상은 어디서 볼 수 있나요?,common,공통 사용/관리,common,,,[],false
15,2026-05-20T22:27:13.116,2026-05-20T22:27:13.158877,2026-05-20,2026-05-18,2026-05,production_user,laurastar,Laurastar,POST,/faq/search,kakao_search,6d24b5f673800df6,사용 설명서,사용 설명서,6,true,236,common-manual-video,사용 설명서나 영상은 어디서 볼 수 있나요?,common,공통 사용/관리,common,,,[],false
16,2026-05-20T22:27:26.952,2026-05-20T22:27:27.425518,2026-05-20,2026-05-18,2026-05,production_user,laurastar,Laurastar,POST,/faq/search,kakao_search,6d24b5f673800df6,사용 설명서,사용 설명서,6,true,236,common-manual-video,사용 설명서나 영상은 어디서 볼 수 있나요?,common,공통 사용/관리,common,,,[],false
17,2026-05-20T22:27:41.301,2026-05-20T22:27:41.505121,2026-05-20,2026-05-18,2026-05,production_user,laurastar,Laurastar,POST,/faq/search,kakao_search,6d24b5f673800df6,비교,비교,2,true,50,lift-model-differences,"Lift, Lift Plus, Lift Xtra 차이가 무엇인가요?",lift,Lift 시리즈,common,,,[],false
18,2026-05-20T22:27:48.604,2026-05-20T22:27:49.188956,2026-05-20,2026-05-18,2026-05,production_user,laurastar,Laurastar,POST,/faq/search,kakao_search,6d24b5f673800df6,Smart와 GO+는 어떤 차이가 있나요?,smart 와 go+ 는 어떤 차이가 있나요,23,true,378,smart-vs-go-plus,Smart와 GO+는 어떤 차이가 있나요?,smart,Smart 시리즈,common,,,[],false
19,2026-05-20T22:28:20.609,2026-05-20T22:28:20.902355,2026-05-20,2026-05-18,2026-05,production_user,laurastar,Laurastar,POST,/faq/search,kakao_search,6d24b5f673800df6,AS 접수,as 접수,5,true,158,as-before-check,불량이 의심되면 바로 AS 접수해야 하나요?,as-service,AS/수리,common,,,[],false
20,2026-05-20T22:28:34.302,2026-05-20T22:28:34.357628,2026-05-20,2026-05-18,2026-05,production_user,laurastar,Laurastar,POST,/faq/search,kakao_search,6d24b5f673800df6,AS 수거와 검수 기간은 얼마나 걸리나요?,as 수거와 검수 기간은 얼마나 걸리나요,23,true,420,as-pickup-time,AS 수거와 검수 기간은 얼마나 걸리나요?,as-service,AS/수리,common,,,[],false
21,2026-05-20T22:53:09.23,2026-05-20T22:53:09.588895,2026-05-20,2026-05-18,2026-05,unknown_no_user_id,laurastar,Laurastar,GET,/faq/search,faq_search,,,,0,false,0,,,,,common,,,[],false
22,2026-05-20T22:53:11.124,2026-05-20T22:53:11.679291,2026-05-20,2026-05-18,2026-05,production_user,laurastar,Laurastar,POST,/faq/search,kakao_search,4cf18fa48c23c6b2,불량이 의심되면 바로 AS 접수해야 하나요?,불량이 의심되면 바로 as 접수해야 하나요,24,true,392,as-before-check,불량이 의심되면 바로 AS 접수해야 하나요?,as-service,AS/수리,common,,,[],false
23,2026-05-21T00:16:45.771,2026-05-21T00:16:46.44453,2026-05-21,2026-05-18,2026-05,production_user,laurastar,Laurastar,POST,/faq/search,kakao_search,6d24b5f673800df6,IGGI AS는 어떻게 진행되나요?,iggi as 는 어떻게 진행되나요,19,true,374,as-iggi-pickup,IGGI AS는 어떻게 진행되나요?,as-service,AS/수리,common,,,[],false
24,2026-05-21T00:17:06.779,2026-05-21T00:17:06.816484,2026-05-21,2026-05-18,2026-05,production_user,laurastar,Laurastar,POST,/faq/search,kakao_search,6d24b5f673800df6,IGGI 마개가 열리지 않아요.,iggi 마개가 열리지 않아요,17,true,366,iggi-cap-stuck,IGGI 마개가 열리지 않아요.,iggi,IGGI 핸디형 스티머,common,,,[],false
25,2026-05-21T00:17:19.612,2026-05-21T00:17:20.026318,2026-05-21,2026-05-18,2026-05,production_user,laurastar,Laurastar,POST,/faq/search,kakao_search,6d24b5f673800df6,IGGI 사용 후 마개는 어떻게 보관하나요?,iggi 사용 후 마개는 어떻게 보관하나요,24,true,392,iggi-cap-storage,IGGI 사용 후 마개는 어떻게 보관하나요?,iggi,IGGI 핸디형 스티머,common,,,[],false
26,2026-05-21T00:17:28.468,2026-05-21T00:17:28.736912,2026-05-21,2026-05-18,2026-05,production_user,laurastar,Laurastar,POST,/faq/search,kakao_search,6d24b5f673800df6,IGGI 마개가 열리지 않아요.,iggi 마개가 열리지 않아요,17,true,366,iggi-cap-stuck,IGGI 마개가 열리지 않아요.,iggi,IGGI 핸디형 스티머,common,,,[],false
27,2026-05-21T00:17:35.161,2026-05-21T00:17:35.21788,2026-05-21,2026-05-18,2026-05,production_user,laurastar,Laurastar,POST,/faq/search,kakao_search,6d24b5f673800df6,IGGI 사용 후 마개는 어떻게 보관하나요?,iggi 사용 후 마개는 어떻게 보관하나요,24,true,392,iggi-cap-storage,IGGI 사용 후 마개는 어떻게 보관하나요?,iggi,IGGI 핸디형 스티머,common,,,[],false
28,2026-05-21T00:17:39.938,2026-05-21T00:17:40.512574,2026-05-21,2026-05-18,2026-05,production_user,laurastar,Laurastar,POST,/faq/search,kakao_search,6d24b5f673800df6,사용 설명서,사용 설명서,6,true,236,common-manual-video,사용 설명서나 영상은 어디서 볼 수 있나요?,common,공통 사용/관리,common,,,[],false
29,2026-05-21T00:22:35.561,2026-05-21T00:22:35.839379,2026-05-21,2026-05-18,2026-05,production_user,laurastar,Laurastar,POST,/faq/search,kakao_search,6d24b5f673800df6,안녕하세요,안녕하세요,5,false,0,,,,,common,,,[],false
30,2026-05-21T00:23:02.908,2026-05-21T00:23:02.947235,2026-05-21,2026-05-18,2026-05,production_user,laurastar,Laurastar,POST,/faq/search,kakao_search,6d24b5f673800df6,"Smart I, Smart M, Smart U 차이가 무엇인가요?",smart i smart m smart u 차이가 무엇인가요,36,true,420,smart-model-differences,"Smart I, Smart M, Smart U 차이가 무엇인가요?",smart,Smart 시리즈,common,,,[],false
31,2026-05-21T00:23:29.556,2026-05-21T00:23:30.060026,2026-05-21,2026-05-18,2026-05,production_user,laurastar,Laurastar,POST,/faq/search,kakao_search,6d24b5f673800df6,"Lift, Lift Plus, Lift Xtra 차이가 무엇인가요?",lift lift plus lift xtra 차이가 무엇인가요,37,true,432,lift-model-differences,"Lift, Lift Plus, Lift Xtra 차이가 무엇인가요?",lift,Lift 시리즈,common,,,[],false
32,2026-05-21T00:23:39.728,2026-05-21T00:23:40.240625,2026-05-21,2026-05-18,2026-05,production_user,laurastar,Laurastar,POST,/faq/search,kakao_search,6d24b5f673800df6,IZZI와 IZZI Plus 차이가 무엇인가요?,izzi 와 izzi plus 차이가 무엇인가요,26,true,392,izzi-vs-izzi-plus,IZZI와 IZZI Plus 차이가 무엇인가요?,izzi,IZZI 시리즈,common,,,[],false
33,2026-05-21T00:23:53.533,2026-05-21T00:23:53.576452,2026-05-21,2026-05-18,2026-05,production_user,laurastar,Laurastar,POST,/faq/search,kakao_search,6d24b5f673800df6,"Lift, Lift Plus, Lift Xtra 차이가 무엇인가요?",lift lift plus lift xtra 차이가 무엇인가요,37,true,432,lift-model-differences,"Lift, Lift Plus, Lift Xtra 차이가 무엇인가요?",lift,Lift 시리즈,common,,,[],false
34,2026-05-21T00:24:16.519,2026-05-21T00:24:16.550738,2026-05-21,2026-05-18,2026-05,production_user,laurastar,Laurastar,POST,/faq/search,kakao_search,6d24b5f673800df6,스펙,스펙,2,false,0,,,,,common,,,[],false
35,2026-05-21T00:24:42.906,2026-05-21T00:24:43.449387,2026-05-21,2026-05-18,2026-05,production_user,laurastar,Laurastar,POST,/faq/search,kakao_search,6d24b5f673800df6,필터,필터,2,true,98,lift-filter-not-fixed,Lift 새 필터가 고정되지 않아요.,lift,Lift 시리즈,common,,,[],false
36,2026-05-21T00:24:56.645,2026-05-21T00:24:56.946367,2026-05-21,2026-05-18,2026-05,production_user,laurastar,Laurastar,POST,/faq/search,kakao_search,6d24b5f673800df6,IZZI/Lift 필터 교체 주기는 어떻게 되나요?,izzi lift 필터 교체 주기는 어떻게 되나요,28,true,410,izzi-lift-filter-replacement,IZZI/Lift 필터 교체 주기는 어떻게 되나요?,izzi,IZZI 시리즈,common,,,[],false
37,2026-05-21T00:25:13.347,2026-05-21T00:25:13.445364,2026-05-21,2026-05-18,2026-05,production_user,laurastar,Laurastar,POST,/faq/search,kakao_search,6d24b5f673800df6,IZZI/Lift 필터 디자인이 다른데 오배송인가요?,izzi lift 필터 디자인이 다른데 오배송인가요,29,true,452,izzi-lift-filter-design,IZZI/Lift 필터 디자인이 다른데 오배송인가요?,izzi,IZZI 시리즈,common,,,[],false
38,2026-05-21T00:25:26.581,2026-05-21T00:25:27.013594,2026-05-21,2026-05-18,2026-05,production_user,laurastar,Laurastar,POST,/faq/search,kakao_search,6d24b5f673800df6,IZZI/Lift 필터 교체 주기는 어떻게 되나요?,izzi lift 필터 교체 주기는 어떻게 되나요,28,true,410,izzi-lift-filter-replacement,IZZI/Lift 필터 교체 주기는 어떻게 되나요?,izzi,IZZI 시리즈,common,,,[],false
39,2026-05-21T00:25:39.585,2026-05-21T00:25:39.64899,2026-05-21,2026-05-18,2026-05,production_user,laurastar,Laurastar,POST,/faq/search,kakao_search,6d24b5f673800df6,IZZI/Lift 필터 디자인이 다른데 오배송인가요?,izzi lift 필터 디자인이 다른데 오배송인가요,29,true,452,izzi-lift-filter-design,IZZI/Lift 필터 디자인이 다른데 오배송인가요?,izzi,IZZI 시리즈,common,,,[],false
40,2026-05-21T00:25:47.971,2026-05-21T00:25:48.498315,2026-05-21,2026-05-18,2026-05,production_user,laurastar,Laurastar,POST,/faq/search,kakao_search,6d24b5f673800df6,IZZI/Lift 필터 교체 주기는 어떻게 되나요?,izzi lift 필터 교체 주기는 어떻게 되나요,28,true,410,izzi-lift-filter-replacement,IZZI/Lift 필터 교체 주기는 어떻게 되나요?,izzi,IZZI 시리즈,common,,,[],false
41,2026-05-21T08:08:31.459,2026-05-21T08:08:32.168335,2026-05-21,2026-05-18,2026-05,production_user,laurastar,Laurastar,POST,/faq/search,kakao_search,6d24b5f673800df6,안녕하세요,안녕하세요,5,false,0,,,,,common,,,[],false
42,2026-05-21T08:14:49.076,2026-05-21T08:14:49.351212,2026-05-21,2026-05-18,2026-05,production_user,laurastar,Laurastar,POST,/faq/search,kakao_search,6d24b5f673800df6,물비움,물비움,3,false,0,,,,,common,,,[],false
43,2026-05-21T08:15:15.914,2026-05-21T08:15:16.607594,2026-05-21,2026-05-18,2026-05,production_user,laurastar,Laurastar,POST,/faq/search,kakao_search,6d24b5f673800df6,다리미판 커버 호환은 어떻게 되나요?,다리미판 커버 호환은 어떻게 되나요,20,true,373,board-cover-compatibility,다리미판 커버 호환은 어떻게 되나요?,board-accessory,다리미판/커버/액세서리,common,,,[],false
44,2026-05-21T08:15:35.67,2026-05-21T08:15:35.892355,2026-05-21,2026-05-18,2026-05,production_user,laurastar,Laurastar,POST,/faq/search,kakao_search,6d24b5f673800df6,베이지 다리미판을 접어 세우면 두께가 얼마나 되나요?,베이지 다리미판을 접어 세우면 두께가 얼마나 되나요,29,true,418,board-folded-thickness,베이지 다리미판을 접어 세우면 두께가 얼마나 되나요?,board-accessory,다리미판/커버/액세서리,common,,,[],false
45,2026-05-21T08:16:19.629,2026-05-21T08:16:19.707945,2026-05-21,2026-05-18,2026-05,production_user,laurastar,Laurastar,POST,/faq/search,kakao_search,6d24b5f673800df6,공식 상담메뉴,공식 상담메뉴,7,false,0,,,,,common,,,[],false
46,2026-05-21T09:53:13.549,2026-05-21T09:53:13.736908,2026-05-21,2026-05-18,2026-05,production_user,laurastar,Laurastar,POST,/faq/search,kakao_search,714fc30295d38271,제품비교,제품비교,4,true,75,lift-model-differences,"Lift, Lift Plus, Lift Xtra 차이가 무엇인가요?",lift,Lift 시리즈,common,,,[],false
47,2026-05-21T12:16:29.556,2026-05-21T12:16:29.987839,2026-05-21,2026-05-18,2026-05,production_user,laurastar,Laurastar,POST,/faq/search,kakao_search,714fc30295d38271,사용 설명서,사용 설명서,6,true,236,common-manual-video,사용 설명서나 영상은 어디서 볼 수 있나요?,common,공통 사용/관리,common,,,[],false
48,2026-05-21T21:19:03.812,2026-05-21T21:19:04.411326,2026-05-21,2026-05-18,2026-05,production_user,laurastar,Laurastar,POST,/faq/search,kakao_search,fe40a64955aeccca,"안녕하세요. 네이버스토어에 문의 남겼는데 사진을 보내달라고 하셔서요. 
잇지 플러스 사용중이고 패브릭가드가 스티머 헤드에 결착이 안되고 계속 빠집니다. 서피스 가드는 좀 꾹 눌러야 하기는 하지만 고정은 되는데 패브릭가드는 아예 결착이 안되네요. 헤드의 문제인지 가드의 문제인지 모르겠는데 조치방법을 안내해 주세요.",안녕하세요 네이버스토어에 문의 남겼는데 사진을 보내달라고 하셔서요 잇지 플러스 사용중이고 패브릭가드가 스티머 헤드에 결착이 안되고 계속 빠집니다 서피스 가드는 좀 꾹 눌러야 하기는 하지만 고정은 되는데 패브릭가드는 아예 결착이 안되네요 헤드의 문제인지 가드의 문제인지 모르겠는데 조치방법을 안내해 주세요,175,true,106,izzi-vs-izzi-plus,IZZI와 IZZI Plus 차이가 무엇인가요?,izzi,IZZI 시리즈,common,,,[],false
49,2026-05-22T16:00:57.434,2026-05-22T16:00:57.705506,2026-05-22,2026-05-18,2026-05,production_user,laurastar,Laurastar,POST,/faq/search,kakao_search,1c530678e34536fd,팬이 돌다가 멈춰요,팬이 돌다가 멈춰요,10,false,0,,,,,common,,,[],false
50,2026-05-22T16:01:11.854,2026-05-22T16:01:12.44562,2026-05-22,2026-05-18,2026-05,production_user,laurastar,Laurastar,POST,/faq/search,kakao_search,9ea7dd864069ce76,물 부족,물 부족,4,true,98,lift-no-steam-noisy-water-light,Lift 작동 시 소리가 크고 스팀이 안 나오며 물 부족 경고등이 떠요.,lift,Lift 시리즈,common,,,[],false
51,2026-05-22T16:01:21.249,2026-05-22T16:01:21.643937,2026-05-22,2026-05-18,2026-05,production_user,laurastar,Laurastar,POST,/faq/search,kakao_search,9ea7dd864069ce76,IZZI/Lift에 물이 있는데 물 부족 경고등이 떠요.,izzi lift 에 물이 있는데 물 부족 경고등이 떠요,31,true,400,izzi-lift-water-warning,IZZI/Lift에 물이 있는데 물 부족 경고등이 떠요.,izzi,IZZI 시리즈,common,,,[],false
52,2026-05-22T16:01:33.387,2026-05-22T16:01:33.419118,2026-05-22,2026-05-18,2026-05,production_user,laurastar,Laurastar,POST,/faq/search,kakao_search,9ea7dd864069ce76,전원,전원,2,false,0,,,,,common,,,[],false
53,2026-05-22T16:01:40.482,2026-05-22T16:01:40.880456,2026-05-22,2026-05-18,2026-05,production_user,laurastar,Laurastar,POST,/faq/search,kakao_search,9ea7dd864069ce76,"Smart I, Smart M, Smart U 차이가 무엇인가요?",smart i smart m smart u 차이가 무엇인가요,36,true,420,smart-model-differences,"Smart I, Smart M, Smart U 차이가 무엇인가요?",smart,Smart 시리즈,common,,,[],false
54,2026-05-22T16:01:44.725,2026-05-22T16:01:45.401271,2026-05-22,2026-05-18,2026-05,production_user,laurastar,Laurastar,POST,/faq/search,kakao_search,1c530678e34536fd,리와인더가 안되요,리와인더가 안되요,9,true,150,izzi-lift-cord-lock,IZZI/Lift 코드선이 잠긴 것 같아요.,izzi,IZZI 시리즈,common,,,[],false
55,2026-05-22T16:03:29.663,2026-05-22T16:03:30.26665,2026-05-22,2026-05-18,2026-05,production_user,laurastar,Laurastar,POST,/faq/search,kakao_search,1c530678e34536fd,사용중 누전이 됐어요,사용중 누전이 됐어요,11,false,0,,,,,common,,,[],false
56,2026-05-22T16:03:54.6,2026-05-22T16:03:54.651166,2026-05-22,2026-05-18,2026-05,production_user,laurastar,Laurastar,POST,/faq/search,kakao_search,1c530678e34536fd,보일러 통에서 이상한 소리가 나요,보일러 통에서 이상한 소리가 나요,18,true,114,lift-rattle-sound,Lift 새 제품에서 달그락 소리가 나요.,lift,Lift 시리즈,common,,,[],false
57,2026-05-22T16:04:06.211,2026-05-22T16:04:06.637751,2026-05-22,2026-05-18,2026-05,production_user,laurastar,Laurastar,POST,/faq/search,kakao_search,1c530678e34536fd,Smart에 물을 채웠는데 보일러통으로 들어가지 않는 것 같아요.,smart 에 물을 채웠는데 보일러통으로 들어가지 않는 것 같아요,36,true,371,smart-water-not-moving,Smart에 물을 채웠는데 보일러통으로 들어가지 않는 것 같아요.,smart,Smart 시리즈,common,,,[],false
58,2026-05-22T16:04:53.617,2026-05-22T16:04:53.676228,2026-05-22,2026-05-18,2026-05,production_user,laurastar,Laurastar,POST,/faq/search,kakao_search,1c530678e34536fd,스마트 U 스팀이 안나와요,스마트 u 스팀이 안나와요,14,true,149,smart-model-differences,"Smart I, Smart M, Smart U 차이가 무엇인가요?",smart,Smart 시리즈,common,,,[],false
59,2026-05-22T16:05:16.942,2026-05-22T16:05:17.299741,2026-05-22,2026-05-18,2026-05,production_user,laurastar,Laurastar,POST,/faq/search,kakao_search,1c530678e34536fd,스팀분서,스팀분서,4,false,0,,,,,common,,,[],false
60,2026-05-22T16:05:22.34,2026-05-22T16:05:22.379119,2026-05-22,2026-05-18,2026-05,production_user,laurastar,Laurastar,POST,/faq/search,kakao_search,1c530678e34536fd,스팀 분사량,스팀 분사량,6,false,0,,,,,common,,,[],false
61,2026-05-22T16:05:49.755,2026-05-22T16:05:49.79984,2026-05-22,2026-05-18,2026-05,production_user,laurastar,Laurastar,POST,/faq/search,kakao_search,1c530678e34536fd,실크도 가능한가요?,실크도 가능한가요,10,false,0,,,,,common,,,[],false
62,2026-05-22T16:08:48.557,2026-05-22T16:08:48.994776,2026-05-22,2026-05-18,2026-05,production_user,laurastar,Laurastar,POST,/faq/search,kakao_search,1c530678e34536fd,솔플레이트를 써야하는 이유,솔플레이트를 써야하는 이유,14,false,0,,,,,common,,,[],false
63,2026-05-22T16:09:46.401,2026-05-22T16:09:46.61427,2026-05-22,2026-05-18,2026-05,production_user,laurastar,Laurastar,POST,/faq/search,kakao_search,1c530678e34536fd,석회 차단되는건가요?,석회 차단되는건가요,11,false,0,,,,,common,,,[],false
64,2026-05-22T16:10:01.635,2026-05-22T16:10:02.029358,2026-05-22,2026-05-18,2026-05,production_user,laurastar,Laurastar,POST,/faq/search,kakao_search,1c530678e34536fd,필터 교체 기간은?,필터 교체 기간은,10,true,54,izzi-lift-filter-replacement,IZZI/Lift 필터 교체 주기는 어떻게 되나요?,izzi,IZZI 시리즈,common,,,[],false
65,2026-05-22T16:10:09.955,2026-05-22T16:10:10.342811,2026-05-22,2026-05-18,2026-05,production_user,laurastar,Laurastar,POST,/faq/search,kakao_search,1c530678e34536fd,스마트 필터교체 기간,스마트 필터교체 기간,11,true,107,smart-water-not-moving,Smart에 물을 채웠는데 보일러통으로 들어가지 않는 것 같아요.,smart,Smart 시리즈,common,,,[],false
66,2026-05-23T02:40:54.019,2026-05-23T11:40:54.637834,2026-05-23,2026-05-18,2026-05,production_user,laurastar,Laurastar,POST,/faq/search,kakao_search,01ab51657c592c32,사용중  뜨거운 물방울이 떨어져요 왜그럴까요??,사용중 뜨거운 물방울이 떨어져요 왜그럴까요,26,true,78,common-first-water-drop,처음 사용할 때 물이 같이 떨어져요.,common,공통 사용/관리,common,,,[],false
67,2026-05-23T08:39:00.09,2026-05-23T17:39:00.731259,2026-05-23,2026-05-18,2026-05,production_user,laurastar,Laurastar,POST,/faq/search,kakao_search,9f1c2b6bc3075d40,물통분실구매,물통분실구매,6,false,0,,,,,common,,,[],false
68,2026-05-23T08:39:25.755,2026-05-23T17:39:26.127187,2026-05-23,2026-05-18,2026-05,production_user,laurastar,Laurastar,POST,/faq/search,kakao_search,9f1c2b6bc3075d40,iggi 급수물통 구매,iggi 급수물통 구매,12,true,115,iggi-parts-price,IGGI 장갑이나 물통 부품 구매가 가능한가요?,iggi,IGGI 핸디형 스티머,common,,,[],false
69,2026-05-23T23:42:57.403,2026-05-24T08:42:57.793282,2026-05-23,2026-05-18,2026-05,production_user,laurastar,Laurastar,POST,/faq/search,kakao_search,88ef6990438397ed,롯데 본점에도 매장이 있어?,롯데 본점에도 매장이 있어,15,false,0,,,,,common,,,[],false
70,2026-05-23T23:43:23.514,2026-05-24T08:43:24.137244,2026-05-23,2026-05-18,2026-05,production_user,laurastar,Laurastar,POST,/faq/search,kakao_search,88ef6990438397ed,매장 좀 알려줘,매장 좀 알려줘,8,false,0,,,,,common,,,[],false
71,2026-05-23T23:44:19.049,2026-05-24T08:44:19.680236,2026-05-23,2026-05-18,2026-05,production_user,laurastar,Laurastar,POST,/faq/search,kakao_search,88ef6990438397ed,매장 좀 알려줘,매장 좀 알려줘,8,false,0,,,,,common,,,[],false
72,2026-05-24T04:09:23.65,2026-05-24T13:09:24.356743,2026-05-24,2026-05-18,2026-05,production_user,laurastar,Laurastar,POST,/faq/search,kakao_search,c2784221dedaca25,제품사용중인데 최근들어 다림질이 거의 안되서 연락드려요,제품사용중인데 최근들어 다림질이 거의 안되서 연락드려요,30,false,0,,,,,common,,,[],false
73,2026-05-24T04:09:28.332,2026-05-24T13:09:29.02024,2026-05-24,2026-05-18,2026-05,production_user,laurastar,Laurastar,POST,/faq/search,kakao_search,c2784221dedaca25,https://talk.kakaocdn.net/dna/jtEmw/dJMcbbJfXai/oU1nM6WRB9xajXYPpB1Omt/i_f5e1107482d6.jpg?credential=zf3biCPbmWRjbqf40YGePFLewdou7TIK&expires=1874203767&signature=oLEl6133n2NTSFSAGIuVt%2BGL6ro%3D,https talk kakaocdn net dna jtemw djmcbbjfxai ou1nm6wrb9xajxyppb1omt i f5e1107482d6 jpg credential zf3bicpbmwrjbqf40ygepflewdou7tik expires 1874203767 signature olel6133n2ntsfsagiuvt 2bgl6ro 3d,195,true,110,smart-model-differences,"Smart I, Smart M, Smart U 차이가 무엇인가요?",smart,Smart 시리즈,common,,,[],false
74,2026-05-24T04:09:50.254,2026-05-24T13:09:50.6633,2026-05-24,2026-05-18,2026-05,production_user,laurastar,Laurastar,POST,/faq/search,kakao_search,c2784221dedaca25,몇번을 왔다갔다해도 구김현상이 그대로에요 뭐가 문제일까요?,몇번을 왔다갔다해도 구김현상이 그대로에요 뭐가 문제일까요,32,false,0,,,,,common,,,[],false
75,2026-05-24T04:10:27.995,2026-05-24T13:10:28.538864,2026-05-24,2026-05-18,2026-05,production_user,laurastar,Laurastar,POST,/faq/search,kakao_search,c2784221dedaca25,https://talk.kakaocdn.net/dna/ubWVD/dJMcbaXSMw9/xruiTS4ocuYRvQkp9xt92X/i_e8dd1fe695bd.jpg?credential=zf3biCPbmWRjbqf40YGePFLewdou7TIK&expires=1874203827&signature=IWFs%2F1nVZltoUJs8Jp35FtRGrXk%3D,https talk kakaocdn net dna ubwvd djmcbaxsmw9 xruits4ocuyrvqkp9xt92x i e8dd1fe695bd jpg credential zf3bicpbmwrjbqf40ygepflewdou7tik expires 1874203827 signature iwfs 2f1nvzltoujs8jp35ftrgrxk 3d,195,true,117,smart-model-differences,"Smart I, Smart M, Smart U 차이가 무엇인가요?",smart,Smart 시리즈,common,,,[],false
76,2026-05-26T02:48:58.444,2026-05-26T11:48:59.168867,2026-05-26,2026-05-25,2026-05,production_user,laurastar,Laurastar,POST,/faq/search,kakao_search,9f1c2b6bc3075d40,따로 구매는 하지못하는거일까요? 제품 사용을 하지못하고잇어서요,따로 구매는 하지못하는거일까요 제품 사용을 하지못하고잇어서요,34,false,0,,,,,common,,,[],false
77,2026-05-26T02:54:17.13,2026-05-26T11:54:17.639459,2026-05-26,2026-05-25,2026-05,production_user,laurastar,Laurastar,POST,/faq/search,kakao_search,9f1c2b6bc3075d40,감사합니다~ :),감사합니다,9,false,0,,,,,common,,,[],false
106,2026-05-26T20:32:39.317,2026-05-26T20:32:39.345485,2026-05-26,2026-05-25,2026-05,production_user,woods,우즈 (WOODS),POST,/skill/faq,kakao_unified_skill,629ec2d7c9814dbc,안녕하세요,안녕하세요,5,false,0,,,,,common,,,[],false
107,2026-05-26T20:32:45.512,2026-05-26T20:32:45.543918,2026-05-26,2026-05-25,2026-05,production_user,laurastar,Laurastar,POST,/skill/faq,kakao_unified_skill,629ec2d7c9814dbc,,,0,false,0,,,,,common,,,[],false
108,2026-05-26T20:40:38.867,2026-05-26T20:40:38.918576,2026-05-26,2026-05-25,2026-05,production_user,laurastar,Laurastar,POST,/skill/faq,kakao_unified_skill,629ec2d7c9814dbc,안녕하세요,안녕하세요,5,true,200,base-greeting,인사말,base,기본 응답,common,,,[],false
109,2026-05-26T20:40:43.15,2026-05-26T20:40:43.38053,2026-05-26,2026-05-25,2026-05,production_user,laurastar,Laurastar,POST,/skill/faq,kakao_unified_skill,629ec2d7c9814dbc,AS 접수,as 접수,5,true,158,as-before-check,불량이 의심되면 바로 AS 접수해야 하나요?,as-service,AS/수리,common,,,[],false
110,2026-05-26T20:40:47.47,2026-05-26T20:40:47.535522,2026-05-26,2026-05-25,2026-05,production_user,laurastar,Laurastar,POST,/skill/faq,kakao_unified_skill,629ec2d7c9814dbc,AS 수거와 검수 기간은 얼마나 걸리나요?,as 수거와 검수 기간은 얼마나 걸리나요,23,true,420,as-pickup-time,AS 수거와 검수 기간은 얼마나 걸리나요?,as-service,AS/수리,common,,,[],false
111,2026-05-27T09:11:20.076,2026-05-27T09:11:20.420881,2026-05-27,2026-05-25,2026-05,production_user,woods,우즈 (WOODS),POST,/skill/faq,kakao_unified_skill,629ec2d7c9814dbc,,,0,false,0,,,,,common,,,[],false
112,2026-05-27T09:11:23.167,2026-05-27T09:11:23.191593,2026-05-27,2026-05-25,2026-05,production_user,woods,우즈 (WOODS),POST,/skill/faq,kakao_unified_skill,629ec2d7c9814dbc,안녕하세요,안녕하세요,5,true,200,base-greeting,인사말,base,기본 응답,common,,,[],false
113,2026-05-27T10:08:29.076,2026-05-27T10:08:29.184316,2026-05-27,2026-05-25,2026-05,production_user,woods,우즈 (WOODS),POST,/skill/faq,kakao_unified_skill,61b49f8be408f215,문의,문의,2,false,0,,,,,common,,,[],false
114,2026-05-27T13:37:20.699,2026-05-27T13:37:20.817335,2026-05-27,2026-05-25,2026-05,production_user,woods,우즈 (WOODS),POST,/skill/faq,kakao_unified_skill,22c63e5c3574ec51,공구로방금 현금구매를했는데 필터는 같이 못해서 따로구매가힘들까요. 취소하고 구매가힘들것같아서요,공구로방금 현금구매를했는데 필터는 같이 못해서 따로구매가힘들까요 취소하고 구매가힘들것같아서요,52,true,103,woods-필터는-어디에서-구매하나요,필터는 어디에서 구매하나요?,filter,필터 관리 / 구매,per_model,,,[],false
115,2026-05-27T13:37:24.414,2026-05-27T13:37:24.470649,2026-05-27,2026-05-25,2026-05,production_user,woods,우즈 (WOODS),POST,/skill/faq,kakao_unified_skill,22c63e5c3574ec51,SW22FW 필터는 어디에서 구매하나요?,sw22fw 필터는 어디에서 구매하나요,22,true,206,woods-필터는-어디에서-구매하나요,필터는 어디에서 구매하나요?,filter,필터 관리 / 구매,per_model,SW22FW,,[],false
116,2026-05-27T13:38:09.971,2026-05-27T13:38:10.075642,2026-05-27,2026-05-25,2026-05,production_user,woods,우즈 (WOODS),POST,/skill/faq,kakao_unified_skill,22c63e5c3574ec51,공구가로요 별주부님 인스타로구매했어요,공구가로요 별주부님 인스타로구매했어요,20,false,0,,,,,common,,,[],false
117,2026-05-28T03:42:20.49,2026-05-28T03:42:21.062726,2026-05-28,2026-05-25,2026-05,production_user,laurastar,Laurastar,POST,/faq/search,kakao_search,2e575529e6bc0a33,다리미판은 따로 배송 되나요?,다리미판은 따로 배송 되나요,16,false,0,,,,,common,,,[],false
118,2026-05-28T03:42:30.126,2026-05-28T03:42:30.753573,2026-05-28,2026-05-25,2026-05,production_user,laurastar,Laurastar,POST,/faq/search,kakao_search,2e575529e6bc0a33,정품 등록은 어디서 하나요?,정품 등록은 어디서 하나요,15,true,420,common-product-registration,정품 등록은 어디서 하나요?,common,공통 사용/관리,common,,,[],false
119,2026-05-28T10:08:33.408,2026-05-28T10:08:33.446604,2026-05-28,2026-05-25,2026-05,production_user,woods,우즈 (WOODS),POST,/skill/faq,kakao_unified_skill,bf1c6ba77c9f462d,안녕하세요. 주문번호2026052677850731 관련해서 문의드립니다.,안녕하세요 주문번호2026052677850731 관련해서 문의드립니다,40,false,0,,,,,common,,,[],false
120,2026-05-28T11:19:14.942,2026-05-28T11:19:15.062449,2026-05-28,2026-05-25,2026-05,production_user,woods,우즈 (WOODS),POST,/skill/faq,kakao_unified_skill,bf42aee9f86547c9,,,0,false,0,,,,,common,,,[],false
121,2026-05-28T11:19:51.609,2026-05-28T11:19:51.642839,2026-05-28,2026-05-25,2026-05,production_user,woods,우즈 (WOODS),POST,/skill/faq,kakao_unified_skill,bf42aee9f86547c9,.,,1,false,0,,,,,common,,,[],false
122,2026-05-28T11:24:04.678,2026-05-28T11:24:04.82521,2026-05-28,2026-05-25,2026-05,production_user,woods,우즈 (WOODS),POST,/skill/faq,kakao_unified_skill,bf42aee9f86547c9,,,0,false,0,,,,,common,,,[],false
123,2026-05-28T11:24:15.076,2026-05-28T11:24:15.114626,2026-05-28,2026-05-25,2026-05,production_user,woods,우즈 (WOODS),POST,/skill/faq,kakao_unified_skill,bf42aee9f86547c9,작동이 안돼요,작동이 안돼요,7,true,258,woods-작동이-안돼요,작동이 안돼요,troubleshoot,문제 해결,per_model,,,[],false
124,2026-05-28T11:24:18.136,2026-05-28T11:24:18.190202,2026-05-28,2026-05-25,2026-05,production_user,woods,우즈 (WOODS),POST,/skill/faq,kakao_unified_skill,bf42aee9f86547c9,SW22FW 작동이 안돼요,sw22fw 작동이 안돼요,14,true,98,woods-작동이-안돼요,작동이 안돼요,troubleshoot,문제 해결,per_model,SW22FW,,[],false
125,2026-05-28T11:24:36.866,2026-05-28T11:24:36.906588,2026-05-28,2026-05-25,2026-05,production_user,woods,우즈 (WOODS),POST,/skill/faq,kakao_unified_skill,bf42aee9f86547c9,AS접수는 어디에서 하나요?,as 접수는 어디에서 하나요,15,true,330,woods-AS접수는-어디에서-하나요,AS접수는 어디에서 하나요?,usage,사용 방법 / 제품 정보,common,,,[],false
126,2026-05-28T11:28:08.892,2026-05-28T11:28:08.999879,2026-05-28,2026-05-25,2026-05,production_user,laurastar,Laurastar,POST,/skill/faq,kakao_unified_skill,629ec2d7c9814dbc,.,,1,false,0,,,,,common,,,[],false
127,2026-05-28T11:28:10.364,2026-05-28T11:28:10.402621,2026-05-28,2026-05-25,2026-05,production_user,laurastar,Laurastar,POST,/skill/faq,kakao_unified_skill,629ec2d7c9814dbc,어떤 물을 사용해야 하나요?,어떤 물을 사용해야 하나요,15,true,502,common-water-type,어떤 물을 사용해야 하나요?,common,공통 사용/관리,common,,,[],false
128,2026-05-28T11:28:49.183,2026-05-28T11:28:49.225972,2026-05-28,2026-05-25,2026-05,production_user,woods,우즈 (WOODS),POST,/skill/faq,kakao_unified_skill,629ec2d7c9814dbc,,,0,false,0,,,,,common,,,[],false
129,2026-05-28T11:28:58.074,2026-05-28T11:28:58.106088,2026-05-28,2026-05-25,2026-05,production_user,woods,우즈 (WOODS),POST,/skill/faq,kakao_unified_skill,629ec2d7c9814dbc,소음,소음,2,true,158,woods-소음이-커요,소음이 커요,troubleshoot,문제 해결,per_model,,,[],false
130,2026-05-28T11:29:01.157,2026-05-28T11:29:01.199078,2026-05-28,2026-05-25,2026-05,production_user,woods,우즈 (WOODS),POST,/skill/faq,kakao_unified_skill,629ec2d7c9814dbc,WCD4PRO 소음이 커요,wcd4pro 소음이 커요,14,true,158,woods-소음이-커요,소음이 커요,troubleshoot,문제 해결,per_model,WCD4PRO,,[],false
131,2026-05-28T11:29:04.85,2026-05-28T11:29:04.881947,2026-05-28,2026-05-25,2026-05,production_user,woods,우즈 (WOODS),POST,/skill/faq,kakao_unified_skill,629ec2d7c9814dbc,모델별 스펙 이미지를 볼 수 있나요?,모델별 스펙 이미지를 볼 수 있나요,20,true,374,woods-모델별-스펙-이미지,모델별 스펙 이미지를 볼 수 있나요?,usage,사용 방법 / 제품 정보,per_model,,,[],false
132,2026-05-28T11:29:06.409,2026-05-28T11:29:06.443214,2026-05-28,2026-05-25,2026-05,production_user,woods,우즈 (WOODS),POST,/skill/faq,kakao_unified_skill,629ec2d7c9814dbc,SW42FW 모델별 스펙 이미지를 볼 수 있나요?,sw42fw 모델별 스펙 이미지를 볼 수 있나요,27,true,248,woods-모델별-스펙-이미지,모델별 스펙 이미지를 볼 수 있나요?,usage,사용 방법 / 제품 정보,per_model,SW42FW,,[],false
133,2026-05-28T15:00:12.615,2026-05-28T15:00:12.737667,2026-05-28,2026-05-25,2026-05,production_user,laurastar,Laurastar,POST,/skill/faq,kakao_unified_skill,0aa8747fb467b81c,as 문의,as 문의,5,false,0,,,,,common,,,[],false
134,2026-05-28T17:21:54.848,2026-05-28T17:21:54.990022,2026-05-28,2026-05-25,2026-05,production_user,woods,우즈 (WOODS),POST,/skill/faq,kakao_unified_skill,9f112389a2242e57,https://talk.kakaocdn.net/dna/cpiPLk/dJMcbgKzP2u/vkGOiyNM3qJ3qsLBxqeD9q/talkv_high.mp4?credential=zf3biCPbmWRjbqf40YGePFLewdou7TIK&expires=1874471101&signature=UIT%2B%2B5zWdwwt%2B%2BhsX%2FXZsbuQoAY%3D,https talk kakaocdn net dna cpiplk djmcbgkzp2u vkgoiynm3qj3qslbxqed9q talkv high mp4 credential zf3bicpbmwrjbqf40ygepflewdou7tik expires 1874471101 signature uit 2b 2b5zwdwwt 2b 2bhsx 2fxzsbuqoay 3d,200,true,64,woods-사용-모드별로-어떻게-다른가요,사용 모드별로 어떻게 다른가요?,usage,사용 방법 / 제품 정보,per_model,,,[],false
135,2026-05-29T13:59:27.8,2026-05-29T13:59:28.435547,2026-05-29,2026-05-25,2026-05,production_user,laurastar,Laurastar,POST,/faq/search,kakao_search,18d38a601918e0a5,스팀이 안나와요,스팀이 안나와요,8,true,43,lift-no-steam-noisy-water-light,Lift 작동 시 소리가 크고 스팀이 안 나오며 물 부족 경고등이 떠요.,lift,Lift 시리즈,common,,,[],false
136,2026-05-30T16:57:34.863,2026-05-30T16:57:35.305265,2026-05-30,2026-05-25,2026-05,production_user,laurastar,Laurastar,POST,/faq/search,kakao_search,2d895f2372993858,스팀으로 다림질했는데 원단이 쪼그라들었어요,스팀으로 다림질했는데 원단이 쪼그라들었어요,23,false,0,,,,,common,,,[],false
137,2026-05-30T16:57:58.591,2026-05-30T16:57:59.267552,2026-05-30,2026-05-25,2026-05,production_user,laurastar,Laurastar,POST,/faq/search,kakao_search,2d895f2372993858,다리미판 커버 호환은 어떻게 되나요?,다리미판 커버 호환은 어떻게 되나요,20,true,373,board-cover-compatibility,다리미판 커버 호환은 어떻게 되나요?,board-accessory,다리미판/커버/액세서리,common,,,[],false
138,2026-05-30T16:58:37.34,2026-05-30T16:58:38.040536,2026-05-30,2026-05-25,2026-05,production_user,laurastar,Laurastar,POST,/faq/search,kakao_search,2d895f2372993858,원단이 쪼그라들었어요,원단이 쪼그라들었어요,11,false,0,,,,,common,,,[],false
139,2026-05-30T16:58:47.462,2026-05-30T16:58:48.07581,2026-05-30,2026-05-25,2026-05,production_user,laurastar,Laurastar,POST,/faq/search,kakao_search,2d895f2372993858,사용 설명서나 영상은 어디서 볼 수 있나요?,사용 설명서나 영상은 어디서 볼 수 있나요,24,true,466,common-manual-video,사용 설명서나 영상은 어디서 볼 수 있나요?,common,공통 사용/관리,common,,,[],false
140,2026-05-30T17:03:03.938,2026-05-30T17:03:04.461417,2026-05-30,2026-05-25,2026-05,production_user,laurastar,Laurastar,POST,/faq/search,kakao_search,2d895f2372993858,스팀이 첨에 너무  쌜때 원단이 쪼그라들었어요,스팀이 첨에 너무 쌜때 원단이 쪼그라들었어요,25,false,0,,,,,common,,,[],false
141,2026-05-30T17:03:27.488,2026-05-30T17:03:28.229452,2026-05-30,2026-05-25,2026-05,production_user,laurastar,Laurastar,POST,/faq/search,kakao_search,2d895f2372993858,스팀은안나오고 열만 되요,스팀은안나오고 열만 되요,13,false,0,,,,,common,,,[],false
142,2026-05-30T17:03:31.23,2026-05-30T17:03:31.486114,2026-05-30,2026-05-25,2026-05,production_user,laurastar,Laurastar,POST,/faq/search,kakao_search,2d895f2372993858,어떤 물을 사용해야 하나요?,어떤 물을 사용해야 하나요,15,true,502,common-water-type,어떤 물을 사용해야 하나요?,common,공통 사용/관리,common,,,[],false
143,2026-05-30T17:03:39.696,2026-05-30T17:03:40.078327,2026-05-30,2026-05-25,2026-05,production_user,laurastar,Laurastar,POST,/faq/search,kakao_search,2d895f2372993858,사용 설명서,사용 설명서,6,true,236,common-manual-video,사용 설명서나 영상은 어디서 볼 수 있나요?,common,공통 사용/관리,common,,,[],false
144,2026-05-30T17:05:33.95,2026-05-30T17:05:34.807449,2026-05-30,2026-05-25,2026-05,production_user,laurastar,Laurastar,POST,/faq/search,kakao_search,2d895f2372993858,"안녕하세요 이 제품을 드레스샵에서 사용중인데 스팀을 하다가 드레스가 불에 그을린듯이 찝힌자국이 생겼어요
기스라면 한군데만 그럴텐데 똑같은 모양으로 두세개 생겨서 혹시 as신청하면 실제로 기사님이 와서 보시고 진단을 받을 수 있을까요?",안녕하세요 이 제품을 드레스샵에서 사용중인데 스팀을 하다가 드레스가 불에 그을린듯이 찝힌자국이 생겼어요 기스라면 한군데만 그럴텐데 똑같은 모양으로 두세개 생겨서 혹시 as 신청하면 실제로 기사님이 와서 보시고 진단을 받을 수 있을까요,130,true,82,as-smart-boiler-packing,Smart/시스템 제품 보일러통 AS 포장은 어떻게 하나요?,as-service,AS/수리,common,,,[],false
145,2026-05-30T17:16:41.19,2026-05-30T17:16:41.67257,2026-05-30,2026-05-25,2026-05,production_user,laurastar,Laurastar,POST,/faq/search,kakao_search,2d895f2372993858,불량이 의심되면 바로 AS 접수해야 하나요?,불량이 의심되면 바로 as 접수해야 하나요,24,true,392,as-before-check,불량이 의심되면 바로 AS 접수해야 하나요?,as-service,AS/수리,common,,,[],false
146,2026-05-30T17:17:01.61,2026-05-30T17:17:02.281377,2026-05-30,2026-05-25,2026-05,production_user,laurastar,Laurastar,POST,/faq/search,kakao_search,2d895f2372993858,AS 수거와 검수 기간은 얼마나 걸리나요?,as 수거와 검수 기간은 얼마나 걸리나요,23,true,420,as-pickup-time,AS 수거와 검수 기간은 얼마나 걸리나요?,as-service,AS/수리,common,,,[],false
147,2026-05-30T17:17:15.08,2026-05-30T17:17:15.131772,2026-05-30,2026-05-25,2026-05,production_user,laurastar,Laurastar,POST,/faq/search,kakao_search,2d895f2372993858,IGGI AS는 어떻게 진행되나요?,iggi as 는 어떻게 진행되나요,19,true,374,as-iggi-pickup,IGGI AS는 어떻게 진행되나요?,as-service,AS/수리,common,,,[],false
148,2026-05-30T17:17:25.202,2026-05-30T17:17:25.564709,2026-05-30,2026-05-25,2026-05,production_user,laurastar,Laurastar,POST,/faq/search,kakao_search,2d895f2372993858,사용 설명서,사용 설명서,6,true,236,common-manual-video,사용 설명서나 영상은 어디서 볼 수 있나요?,common,공통 사용/관리,common,,,[],false
149,2026-06-01T11:41:09.635,2026-06-01T11:41:09.754022,2026-06-01,2026-06-01,2026-06,production_user,woods,우즈 (WOODS),POST,/skill/faq,kakao_unified_skill,3695d75866ea581c,제품문의 상담,제품문의 상담,7,false,0,,,,,common,,,[],false
150,2026-06-01T12:11:41.215,2026-06-01T12:11:41.840575,2026-06-01,2026-06-01,2026-06,production_user,laurastar,Laurastar,POST,/faq/search,kakao_search,dbd26f58c6a7aa96,https://talk.kakaocdn.net/dna/dbjFon/dJMcaExYh01/RV3XLBZQcfstNfNlTEJ0OO/i_36c97ff4880c.png?credential=zf3biCPbmWRjbqf40YGePFLewdou7TIK&expires=1874891500&signature=oGrBTn5Z9iXPXx5cI1e%2FT27MApk%3D,https talk kakaocdn net dna dbjfon djmcaexyh01 rv3xlbzqcfstnfnltej0oo i 36c97ff4880c png credential zf3bicpbmwrjbqf40ygepflewdou7tik expires 1874891500 signature ogrbtn5z9ixpxx5ci1e 2ft27mapk 3d,196,true,103,smart-model-differences,"Smart I, Smart M, Smart U 차이가 무엇인가요?",smart,Smart 시리즈,common,,,[],false
151,2026-06-01T19:59:27.598,2026-06-01T19:59:27.72395,2026-06-01,2026-06-01,2026-06,production_user,woods,우즈 (WOODS),POST,/skill/faq,kakao_unified_skill,086bc0d42e3d1691,제습기,제습기,3,true,114,woods-저온제습기란-무엇인가요,저온제습기란 무엇인가요?,usage,사용 방법 / 제품 정보,common,,,[],false
152,2026-06-02T10:07:29.676,2026-06-02T10:07:29.799021,2026-06-02,2026-06-01,2026-06,production_user,woods,우즈 (WOODS),POST,/skill/faq,kakao_unified_skill,73450680ba0b96a6,제습기,제습기,3,true,114,woods-저온제습기란-무엇인가요,저온제습기란 무엇인가요?,usage,사용 방법 / 제품 정보,common,,,[],false
153,2026-06-02T10:08:06.237,2026-06-02T10:08:06.280667,2026-06-02,2026-06-01,2026-06,production_user,woods,우즈 (WOODS),POST,/skill/faq,kakao_unified_skill,73450680ba0b96a6,필터는 어디에서 구매하나요?,필터는 어디에서 구매하나요,15,true,366,woods-필터는-어디에서-구매하나요,필터는 어디에서 구매하나요?,filter,필터 관리 / 구매,per_model,,,[],false
154,2026-06-02T10:21:27.299,2026-06-02T10:21:27.417096,2026-06-02,2026-06-01,2026-06,production_user,woods,우즈 (WOODS),POST,/skill/faq,kakao_unified_skill,d27091c1fa3b2ba8,,,0,false,0,,,,,common,,,[],false
155,2026-06-02T10:21:33.872,2026-06-02T10:21:33.920999,2026-06-02,2026-06-01,2026-06,production_user,woods,우즈 (WOODS),POST,/skill/faq,kakao_unified_skill,d27091c1fa3b2ba8,작동이 안돼요,작동이 안돼요,7,true,258,woods-작동이-안돼요,작동이 안돼요,troubleshoot,문제 해결,per_model,,,[],false
156,2026-06-02T10:21:37.157,2026-06-02T10:21:37.196752,2026-06-02,2026-06-01,2026-06,production_user,woods,우즈 (WOODS),POST,/skill/faq,kakao_unified_skill,d27091c1fa3b2ba8,SW42FW 작동이 안돼요,sw42fw 작동이 안돼요,14,true,98,woods-작동이-안돼요,작동이 안돼요,troubleshoot,문제 해결,per_model,SW42FW,,[],false
157,2026-06-02T10:23:34.115,2026-06-02T10:23:34.148674,2026-06-02,2026-06-01,2026-06,production_user,woods,우즈 (WOODS),POST,/skill/faq,kakao_unified_skill,d27091c1fa3b2ba8,모델별 스펙 이미지를 볼 수 있나요?,모델별 스펙 이미지를 볼 수 있나요,20,true,374,woods-모델별-스펙-이미지,모델별 스펙 이미지를 볼 수 있나요?,usage,사용 방법 / 제품 정보,per_model,,,[],false
158,2026-06-02T10:23:43.532,2026-06-02T10:23:43.588956,2026-06-02,2026-06-01,2026-06,production_user,woods,우즈 (WOODS),POST,/skill/faq,kakao_unified_skill,d27091c1fa3b2ba8,SW30FW PRO 모델별 스펙 이미지를 볼 수 있나요?,sw30fw pro 모델별 스펙 이미지를 볼 수 있나요,31,true,282,woods-모델별-스펙-이미지,모델별 스펙 이미지를 볼 수 있나요?,usage,사용 방법 / 제품 정보,per_model,SW30FW PRO,,[],false
159,2026-06-02T10:24:06.103,2026-06-02T10:24:06.13285,2026-06-02,2026-06-01,2026-06,production_user,woods,우즈 (WOODS),POST,/skill/faq,kakao_unified_skill,d27091c1fa3b2ba8,42 맥스기능?,42 맥스기능,8,false,0,,,,,common,,,[],false
160,2026-06-02T10:24:30.258,2026-06-02T10:24:30.286045,2026-06-02,2026-06-01,2026-06,production_user,woods,우즈 (WOODS),POST,/skill/faq,kakao_unified_skill,d27091c1fa3b2ba8,습도 측정,습도 측정,5,false,0,,,,,common,,,[],false
161,2026-06-02T10:24:52.128,2026-06-02T10:24:52.162388,2026-06-02,2026-06-01,2026-06,production_user,woods,우즈 (WOODS),POST,/skill/faq,kakao_unified_skill,d27091c1fa3b2ba8,습도 확인,습도 확인,5,false,0,,,,,common,,,[],false
162,2026-06-02T10:26:01.001,2026-06-02T10:26:01.042816,2026-06-02,2026-06-01,2026-06,production_user,woods,우즈 (WOODS),POST,/skill/faq,kakao_unified_skill,d27091c1fa3b2ba8,작동이 안돼요,작동이 안돼요,7,true,258,woods-작동이-안돼요,작동이 안돼요,troubleshoot,문제 해결,per_model,,,[],false
163,2026-06-02T10:26:03.84,2026-06-02T10:26:03.873044,2026-06-02,2026-06-01,2026-06,production_user,woods,우즈 (WOODS),POST,/skill/faq,kakao_unified_skill,d27091c1fa3b2ba8,SW22FW 작동이 안돼요,sw22fw 작동이 안돼요,14,true,98,woods-작동이-안돼요,작동이 안돼요,troubleshoot,문제 해결,per_model,SW22FW,,[],false
164,2026-06-02T13:09:28.669,2026-06-02T13:09:28.787162,2026-06-02,2026-06-01,2026-06,production_user,woods,우즈 (WOODS),POST,/skill/faq,kakao_unified_skill,b021ee4a63d7f299,,,0,false,0,,,,,common,,,[],false
165,2026-06-02T13:09:31.844,2026-06-02T13:09:31.878894,2026-06-02,2026-06-01,2026-06,production_user,woods,우즈 (WOODS),POST,/skill/faq,kakao_unified_skill,b021ee4a63d7f299,작동이 안돼요,작동이 안돼요,7,true,258,woods-작동이-안돼요,작동이 안돼요,troubleshoot,문제 해결,per_model,,,[],false
166,2026-06-02T13:09:34.96,2026-06-02T13:09:34.998865,2026-06-02,2026-06-01,2026-06,production_user,woods,우즈 (WOODS),POST,/skill/faq,kakao_unified_skill,b021ee4a63d7f299,SW30FW PRO 작동이 안돼요,sw30fw pro 작동이 안돼요,18,true,98,woods-작동이-안돼요,작동이 안돼요,troubleshoot,문제 해결,per_model,SW30FW PRO,,[],false
167,2026-06-02T13:10:17.165,2026-06-02T13:10:17.193922,2026-06-02,2026-06-01,2026-06,production_user,woods,우즈 (WOODS),POST,/skill/faq,kakao_unified_skill,b021ee4a63d7f299,모델별 스펙 이미지를 볼 수 있나요?,모델별 스펙 이미지를 볼 수 있나요,20,true,374,woods-모델별-스펙-이미지,모델별 스펙 이미지를 볼 수 있나요?,usage,사용 방법 / 제품 정보,per_model,,,[],false
168,2026-06-02T13:10:20.343,2026-06-02T13:10:20.384441,2026-06-02,2026-06-01,2026-06,production_user,woods,우즈 (WOODS),POST,/skill/faq,kakao_unified_skill,b021ee4a63d7f299,SW22FW 모델별 스펙 이미지를 볼 수 있나요?,sw22fw 모델별 스펙 이미지를 볼 수 있나요,27,true,248,woods-모델별-스펙-이미지,모델별 스펙 이미지를 볼 수 있나요?,usage,사용 방법 / 제품 정보,per_model,SW22FW,,[],false
169,2026-06-02T13:10:49.745,2026-06-02T13:10:49.785279,2026-06-02,2026-06-01,2026-06,production_user,woods,우즈 (WOODS),POST,/skill/faq,kakao_unified_skill,b021ee4a63d7f299,저온제습기란 무엇인가요?,저온제습기란 무엇인가요,13,true,302,woods-저온제습기란-무엇인가요,저온제습기란 무엇인가요?,usage,사용 방법 / 제품 정보,common,,,[],false
170,2026-06-02T13:11:24.083,2026-06-02T13:11:24.128341,2026-06-02,2026-06-01,2026-06,production_user,woods,우즈 (WOODS),POST,/skill/faq,kakao_unified_skill,b021ee4a63d7f299,필터는 어디에서 구매하나요?,필터는 어디에서 구매하나요,15,true,366,woods-필터는-어디에서-구매하나요,필터는 어디에서 구매하나요?,filter,필터 관리 / 구매,per_model,,,[],false
171,2026-06-02T13:18:35.61,2026-06-02T13:18:35.646159,2026-06-02,2026-06-01,2026-06,production_user,woods,우즈 (WOODS),POST,/skill/faq,kakao_unified_skill,b021ee4a63d7f299,SW42FW 필터는 어디에서 구매하나요?,sw42fw 필터는 어디에서 구매하나요,22,true,206,woods-필터는-어디에서-구매하나요,필터는 어디에서 구매하나요?,filter,필터 관리 / 구매,per_model,SW42FW,,[],false
172,2026-06-02T13:18:41.205,2026-06-02T13:18:41.238394,2026-06-02,2026-06-01,2026-06,production_user,woods,우즈 (WOODS),POST,/skill/faq,kakao_unified_skill,b021ee4a63d7f299,필터를 꼭 써야하나요?,필터를 꼭 써야하나요,12,true,330,woods-필터를-꼭-써야하나요,필터를 꼭 써야하나요?,filter,필터 관리 / 구매,per_model,,,[],false
173,2026-06-02T13:18:45.659,2026-06-02T13:18:45.693667,2026-06-02,2026-06-01,2026-06,production_user,woods,우즈 (WOODS),POST,/skill/faq,kakao_unified_skill,b021ee4a63d7f299,SW42FW 필터를 꼭 써야하나요?,sw42fw 필터를 꼭 써야하나요,19,true,170,woods-필터를-꼭-써야하나요,필터를 꼭 써야하나요?,filter,필터 관리 / 구매,per_model,SW42FW,,[],false
174,2026-06-02T13:18:55.613,2026-06-02T13:18:55.643248,2026-06-02,2026-06-01,2026-06,production_user,woods,우즈 (WOODS),POST,/skill/faq,kakao_unified_skill,b021ee4a63d7f299,어떤 필터를 사용하나요?,어떤 필터를 사용하나요,13,true,366,woods-어떤-필터를-사용하나요,어떤 필터를 사용하나요?,filter,필터 관리 / 구매,per_model,,,[],false
175,2026-06-02T13:18:59.89,2026-06-02T13:18:59.939724,2026-06-02,2026-06-01,2026-06,production_user,woods,우즈 (WOODS),POST,/skill/faq,kakao_unified_skill,b021ee4a63d7f299,WCD4PRO 어떤 필터를 사용하나요?,wcd4pro 어떤 필터를 사용하나요,21,true,206,woods-어떤-필터를-사용하나요,어떤 필터를 사용하나요?,filter,필터 관리 / 구매,per_model,WCD4PRO,,[],false
176,2026-06-02T13:30:03.78,2026-06-02T13:30:04.002206,2026-06-02,2026-06-01,2026-06,production_user,laurastar,Laurastar,POST,/faq/search,kakao_search,749c693e200c8df6,로라스타 리프트와 리프트 엑스트라 차이점 알려주세요,로라스타 리프트와 리프트 엑스트라 차이점 알려주세요,28,true,197,lift-model-differences,"Lift, Lift Plus, Lift Xtra 차이가 무엇인가요?",lift,Lift 시리즈,common,,,[],false
177,2026-06-02T13:31:40.265,2026-06-02T13:31:40.535911,2026-06-02,2026-06-01,2026-06,production_user,laurastar,Laurastar,POST,/faq/search,kakao_search,749c693e200c8df6,"Lift , lift Xtra중 고민하고 있습니다. 보통 가정집에사 가장 많이 사용하는 모델이 어떤건가요",lift lift xtra 중 고민하고 있습니다 보통 가정집에사 가장 많이 사용하는 모델이 어떤건가요,58,true,98,lift-model-differences,"Lift, Lift Plus, Lift Xtra 차이가 무엇인가요?",lift,Lift 시리즈,common,,,[],false
178,2026-06-02T13:34:14.962,2026-06-02T13:34:15.219946,2026-06-02,2026-06-01,2026-06,production_user,laurastar,Laurastar,POST,/faq/search,kakao_search,f1d6be3caadd3ee9,코드 선이 자동으로 들어가지 않아요,코드 선이 자동으로 들어가지 않아요,19,true,43,smart-water-not-moving,Smart에 물을 채웠는데 보일러통으로 들어가지 않는 것 같아요.,smart,Smart 시리즈,common,,,[],false
179,2026-06-02T13:34:27.397,2026-06-02T13:34:27.924192,2026-06-02,2026-06-01,2026-06,production_user,laurastar,Laurastar,POST,/faq/search,kakao_search,f1d6be3caadd3ee9,사용 설명서,사용 설명서,6,true,236,common-manual-video,사용 설명서나 영상은 어디서 볼 수 있나요?,common,공통 사용/관리,common,,,[],false
180,2026-06-02T14:04:05.918,2026-06-02T14:04:06.553752,2026-06-02,2026-06-01,2026-06,production_user,laurastar,Laurastar,POST,/faq/search,kakao_search,091fa071d308c010,로라스타 핸디스티머 미기 스팀 살균 의류관리기를 사용하고 있는데 급수 넣는 부분이 열리지가 않아서 A/S하려고 합니다,로라스타 핸디스티머 미기 스팀 살균 의류관리기를 사용하고 있는데 급수 넣는 부분이 열리지가 않아서 as 하려고 합니다,65,true,121,iggi-cap-stuck,IGGI 마개가 열리지 않아요.,iggi,IGGI 핸디형 스티머,common,,,[],false
181,2026-06-02T14:43:37.793,2026-06-02T14:43:37.905414,2026-06-02,2026-06-01,2026-06,production_user,woods,우즈 (WOODS),POST,/skill/faq,kakao_unified_skill,00c5e381b724ff8f,소음,소음,2,true,158,woods-소음이-커요,소음이 커요,troubleshoot,문제 해결,per_model,,,[],false
182,2026-06-02T14:43:41.989,2026-06-02T14:43:42.018712,2026-06-02,2026-06-01,2026-06,production_user,woods,우즈 (WOODS),POST,/skill/faq,kakao_unified_skill,00c5e381b724ff8f,SW22FW 소음이 커요,sw22fw 소음이 커요,13,true,158,woods-소음이-커요,소음이 커요,troubleshoot,문제 해결,per_model,SW22FW,,[],false
183,2026-06-02T14:44:56.109,2026-06-02T14:44:56.150689,2026-06-02,2026-06-01,2026-06,production_user,woods,우즈 (WOODS),POST,/skill/faq,kakao_unified_skill,00c5e381b724ff8f,모델별 스펙 이미지를 볼 수 있나요?,모델별 스펙 이미지를 볼 수 있나요,20,true,374,woods-모델별-스펙-이미지,모델별 스펙 이미지를 볼 수 있나요?,usage,사용 방법 / 제품 정보,per_model,,,[],false
184,2026-06-02T14:44:58.89,2026-06-02T14:44:59.003124,2026-06-02,2026-06-01,2026-06,production_user,woods,우즈 (WOODS),POST,/skill/faq,kakao_unified_skill,00c5e381b724ff8f,SW22FW 모델별 스펙 이미지를 볼 수 있나요?,sw22fw 모델별 스펙 이미지를 볼 수 있나요,27,true,248,woods-모델별-스펙-이미지,모델별 스펙 이미지를 볼 수 있나요?,usage,사용 방법 / 제품 정보,per_model,SW22FW,,[],false
185,2026-06-02T14:45:02.715,2026-06-02T14:45:02.74571,2026-06-02,2026-06-01,2026-06,production_user,laurastar,Laurastar,POST,/skill/faq,kakao_unified_skill,d27091c1fa3b2ba8,,,0,false,0,,,,,common,,,[],false
186,2026-06-02T14:45:08.653,2026-06-02T14:45:08.693951,2026-06-02,2026-06-01,2026-06,production_user,woods,우즈 (WOODS),POST,/skill/faq,kakao_unified_skill,00c5e381b724ff8f,저온제습기란 무엇인가요?,저온제습기란 무엇인가요,13,true,302,woods-저온제습기란-무엇인가요,저온제습기란 무엇인가요?,usage,사용 방법 / 제품 정보,common,,,[],false
187,2026-06-02T14:45:12.433,2026-06-02T14:45:12.498821,2026-06-02,2026-06-01,2026-06,production_user,laurastar,Laurastar,POST,/skill/faq,kakao_unified_skill,d27091c1fa3b2ba8,어떤 물을 사용해야 하나요?,어떤 물을 사용해야 하나요,15,true,502,common-water-type,어떤 물을 사용해야 하나요?,common,공통 사용/관리,common,,,[],false
188,2026-06-02T14:45:15.15,2026-06-02T14:45:15.186217,2026-06-02,2026-06-01,2026-06,production_user,laurastar,Laurastar,POST,/skill/faq,kakao_unified_skill,d27091c1fa3b2ba8,IGGI는 어떤 물을 사용해야 하나요?,iggi 는 어떤 물을 사용해야 하나요,21,true,374,iggi-water-type,IGGI는 어떤 물을 사용해야 하나요?,iggi,IGGI 핸디형 스티머,common,,,[],false
189,2026-06-02T14:45:15.702,2026-06-02T14:45:15.730531,2026-06-02,2026-06-01,2026-06,production_user,woods,우즈 (WOODS),POST,/skill/faq,kakao_unified_skill,00c5e381b724ff8f,필터는 어디에서 구매하나요?,필터는 어디에서 구매하나요,15,true,366,woods-필터는-어디에서-구매하나요,필터는 어디에서 구매하나요?,filter,필터 관리 / 구매,per_model,,,[],false
190,2026-06-02T14:45:18.383,2026-06-02T14:45:18.431722,2026-06-02,2026-06-01,2026-06,production_user,woods,우즈 (WOODS),POST,/skill/faq,kakao_unified_skill,00c5e381b724ff8f,SW22FW 필터는 어디에서 구매하나요?,sw22fw 필터는 어디에서 구매하나요,22,true,206,woods-필터는-어디에서-구매하나요,필터는 어디에서 구매하나요?,filter,필터 관리 / 구매,per_model,SW22FW,,[],false
191,2026-06-02T14:45:47.638,2026-06-02T14:45:47.679488,2026-06-02,2026-06-01,2026-06,production_user,woods,우즈 (WOODS),POST,/skill/faq,kakao_unified_skill,00c5e381b724ff8f,필터를 꼭 써야하나요?,필터를 꼭 써야하나요,12,true,330,woods-필터를-꼭-써야하나요,필터를 꼭 써야하나요?,filter,필터 관리 / 구매,per_model,,,[],false
192,2026-06-02T14:45:49.627,2026-06-02T14:45:49.670477,2026-06-02,2026-06-01,2026-06,production_user,woods,우즈 (WOODS),POST,/skill/faq,kakao_unified_skill,00c5e381b724ff8f,SW22FW 필터를 꼭 써야하나요?,sw22fw 필터를 꼭 써야하나요,19,true,170,woods-필터를-꼭-써야하나요,필터를 꼭 써야하나요?,filter,필터 관리 / 구매,per_model,SW22FW,,[],false
193,2026-06-02T14:46:21.929,2026-06-02T14:46:21.970195,2026-06-02,2026-06-01,2026-06,production_user,woods,우즈 (WOODS),POST,/skill/faq,kakao_unified_skill,00c5e381b724ff8f,어떤 필터를 사용하나요?,어떤 필터를 사용하나요,13,true,366,woods-어떤-필터를-사용하나요,어떤 필터를 사용하나요?,filter,필터 관리 / 구매,per_model,,,[],false
194,2026-06-02T14:46:24.163,2026-06-02T14:46:24.19497,2026-06-02,2026-06-01,2026-06,production_user,woods,우즈 (WOODS),POST,/skill/faq,kakao_unified_skill,00c5e381b724ff8f,SW22FW 어떤 필터를 사용하나요?,sw22fw 어떤 필터를 사용하나요,20,true,206,woods-어떤-필터를-사용하나요,어떤 필터를 사용하나요?,filter,필터 관리 / 구매,per_model,SW22FW,,[],false
195,2026-06-02T14:46:40.361,2026-06-02T14:46:40.397081,2026-06-02,2026-06-01,2026-06,production_user,woods,우즈 (WOODS),POST,/skill/faq,kakao_unified_skill,00c5e381b724ff8f,AS접수는 어디에서 하나요?,as 접수는 어디에서 하나요,15,true,330,woods-AS접수는-어디에서-하나요,AS접수는 어디에서 하나요?,usage,사용 방법 / 제품 정보,common,,,[],false
196,2026-06-02T14:47:55.2,2026-06-02T14:47:55.238254,2026-06-02,2026-06-01,2026-06,production_user,woods,우즈 (WOODS),POST,/skill/faq,kakao_unified_skill,00c5e381b724ff8f,https://talk.kakaocdn.net/dna/bcRohv/dJMca53oVky/xxfJVGjuvl22gyO3GhLsy2/i_0a42204fd118.jpeg?credential=zf3biCPbmWRjbqf40YGePFLewdou7TIK&expires=1874987274&signature=m4rMrU0Aa84wjhJQz3pwtHzXdPI%3D,https talk kakaocdn net dna bcrohv djmca53ovky xxfjvgjuvl22gyo3ghlsy2 i 0a42204fd118 jpeg credential zf3bicpbmwrjbqf40ygepflewdou7tik expires 1874987274 signature m4rmru0aa84wjhjqz3pwthzxdpi 3d,195,true,57,woods-사용-모드별로-어떻게-다른가요,사용 모드별로 어떻게 다른가요?,usage,사용 방법 / 제품 정보,per_model,,,[],false
197,2026-06-02T14:48:11.5,2026-06-02T14:48:11.543021,2026-06-02,2026-06-01,2026-06,production_user,woods,우즈 (WOODS),POST,/skill/faq,kakao_unified_skill,00c5e381b724ff8f,SW30FW PRO 사용 모드별로 어떻게 다른가요?,sw30fw pro 사용 모드별로 어떻게 다른가요,28,true,206,woods-사용-모드별로-어떻게-다른가요,사용 모드별로 어떻게 다른가요?,usage,사용 방법 / 제품 정보,per_model,SW30FW PRO,,[],false
198,2026-06-02T14:48:18.251,2026-06-02T14:48:18.288542,2026-06-02,2026-06-01,2026-06,production_user,woods,우즈 (WOODS),POST,/skill/faq,kakao_unified_skill,00c5e381b724ff8f,모델별 스펙 이미지를 볼 수 있나요?,모델별 스펙 이미지를 볼 수 있나요,20,true,374,woods-모델별-스펙-이미지,모델별 스펙 이미지를 볼 수 있나요?,usage,사용 방법 / 제품 정보,per_model,,,[],false
199,2026-06-02T14:48:22.571,2026-06-02T14:48:22.606448,2026-06-02,2026-06-01,2026-06,production_user,woods,우즈 (WOODS),POST,/skill/faq,kakao_unified_skill,00c5e381b724ff8f,SW30FW PRO 모델별 스펙 이미지를 볼 수 있나요?,sw30fw pro 모델별 스펙 이미지를 볼 수 있나요,31,true,282,woods-모델별-스펙-이미지,모델별 스펙 이미지를 볼 수 있나요?,usage,사용 방법 / 제품 정보,per_model,SW30FW PRO,,[],false
200,2026-06-02T14:48:34.766,2026-06-02T14:48:34.795775,2026-06-02,2026-06-01,2026-06,production_user,woods,우즈 (WOODS),POST,/skill/faq,kakao_unified_skill,00c5e381b724ff8f,필터 청소,필터 청소,5,false,0,,,,,common,,,[],false
201,2026-06-02T14:48:35.952,2026-06-02T14:48:35.981685,2026-06-02,2026-06-01,2026-06,production_user,laurastar,Laurastar,POST,/skill/faq,kakao_unified_skill,d27091c1fa3b2ba8,물샘증상,물샘증상,4,false,0,,,,,common,,,[],false
202,2026-06-02T14:48:41.578,2026-06-02T14:48:41.605413,2026-06-02,2026-06-01,2026-06,production_user,woods,우즈 (WOODS),POST,/skill/faq,kakao_unified_skill,00c5e381b724ff8f,필터 교체,필터 교체,5,false,0,,,,,common,,,[],false
203,2026-06-02T14:49:20.149,2026-06-02T14:49:20.189761,2026-06-02,2026-06-01,2026-06,production_user,laurastar,Laurastar,POST,/skill/faq,kakao_unified_skill,b021ee4a63d7f299,,,0,false,0,,,,,common,,,[],false
204,2026-06-02T14:49:29.969,2026-06-02T14:49:30.013068,2026-06-02,2026-06-01,2026-06,production_user,laurastar,Laurastar,POST,/skill/faq,kakao_unified_skill,b021ee4a63d7f299,어떤 물을 사용해야 하나요?,어떤 물을 사용해야 하나요,15,true,502,common-water-type,어떤 물을 사용해야 하나요?,common,공통 사용/관리,common,,,[],false
205,2026-06-02T14:49:53.315,2026-06-02T14:49:53.363918,2026-06-02,2026-06-01,2026-06,production_user,laurastar,Laurastar,POST,/skill/faq,kakao_unified_skill,b021ee4a63d7f299,IGGI는 어떤 물을 사용해야 하나요?,iggi 는 어떤 물을 사용해야 하나요,21,true,374,iggi-water-type,IGGI는 어떤 물을 사용해야 하나요?,iggi,IGGI 핸디형 스티머,common,,,[],false
206,2026-06-02T14:50:09.312,2026-06-02T14:50:09.347048,2026-06-02,2026-06-01,2026-06,production_user,laurastar,Laurastar,POST,/skill/faq,kakao_unified_skill,b021ee4a63d7f299,물샘,물샘,2,false,0,,,,,common,,,[],false
207,2026-06-02T14:50:29.359,2026-06-02T14:50:29.389359,2026-06-02,2026-06-01,2026-06,production_user,laurastar,Laurastar,POST,/skill/faq,kakao_unified_skill,b021ee4a63d7f299,물이 나와요,물이 나와요,6,false,0,,,,,common,,,[],false
208,2026-06-02T14:50:39.615,2026-06-02T14:50:39.643657,2026-06-02,2026-06-01,2026-06,production_user,laurastar,Laurastar,POST,/skill/faq,kakao_unified_skill,b021ee4a63d7f299,물 흐름,물 흐름,4,false,0,,,,,common,,,[],false
209,2026-06-02T14:50:56.385,2026-06-02T14:50:56.436303,2026-06-02,2026-06-01,2026-06,production_user,laurastar,Laurastar,POST,/skill/faq,kakao_unified_skill,b021ee4a63d7f299,어떤 물을 사용해야 하나요?,어떤 물을 사용해야 하나요,15,true,502,common-water-type,어떤 물을 사용해야 하나요?,common,공통 사용/관리,common,,,[],false
210,2026-06-02T14:51:23.789,2026-06-02T14:51:23.818523,2026-06-02,2026-06-01,2026-06,production_user,laurastar,Laurastar,POST,/skill/faq,kakao_unified_skill,b021ee4a63d7f299,물이 넘쳐요,물이 넘쳐요,6,false,0,,,,,common,,,[],false
211,2026-06-02T14:51:50.239,2026-06-02T14:51:50.270535,2026-06-02,2026-06-01,2026-06,production_user,laurastar,Laurastar,POST,/skill/faq,kakao_unified_skill,b021ee4a63d7f299,다리미판불량,다리미판불량,6,false,0,,,,,common,,,[],false
212,2026-06-02T15:21:09.664,2026-06-02T15:21:09.699247,2026-06-02,2026-06-01,2026-06,production_user,laurastar,Laurastar,POST,/skill/faq,kakao_unified_skill,d27091c1fa3b2ba8,스팀분사,스팀분사,4,false,0,,,,,common,,,[],false
213,2026-06-02T15:21:24.77,2026-06-02T15:21:24.79787,2026-06-02,2026-06-01,2026-06,production_user,laurastar,Laurastar,POST,/skill/faq,kakao_unified_skill,d27091c1fa3b2ba8,필터 사용기한,필터 사용기한,7,false,0,,,,,common,,,[],false
214,2026-06-02T15:23:51.312,2026-06-02T15:23:51.490623,2026-06-02,2026-06-01,2026-06,production_user,woods,우즈 (WOODS),POST,/skill/faq,kakao_unified_skill,d27091c1fa3b2ba8,,,0,false,0,,,,,common,,,[],false
215,2026-06-02T15:23:55.496,2026-06-02T15:23:55.542633,2026-06-02,2026-06-01,2026-06,production_user,woods,우즈 (WOODS),POST,/skill/faq,kakao_unified_skill,d27091c1fa3b2ba8,소음이 커요,소음이 커요,6,true,318,woods-소음이-커요,소음이 커요,troubleshoot,문제 해결,per_model,,,[],false
216,2026-06-02T15:23:58.408,2026-06-02T15:23:58.453213,2026-06-02,2026-06-01,2026-06,production_user,woods,우즈 (WOODS),POST,/skill/faq,kakao_unified_skill,d27091c1fa3b2ba8,SW30FW PRO 소음이 커요,sw30fw pro 소음이 커요,17,true,158,woods-소음이-커요,소음이 커요,troubleshoot,문제 해결,per_model,SW30FW PRO,,[],false
217,2026-06-02T15:43:33.178,2026-06-02T15:43:33.710163,2026-06-02,2026-06-01,2026-06,production_user,laurastar,Laurastar,POST,/faq/search,kakao_search,5a7fcada280e0fa4,스마트사용중인데 녹물이나와요,스마트사용중인데 녹물이나와요,15,false,0,,,,,common,,,[],false
218,2026-06-02T17:59:43.184,2026-06-02T17:59:43.320279,2026-06-02,2026-06-01,2026-06,production_user,woods,우즈 (WOODS),POST,/skill/faq,kakao_unified_skill,eb7da19d811fbcc3,안녕하세요 ! 저희 프롬졸리 채널에서 우즈 제습기 공구 진행하고싶어서 연락드렸습니다 ! 공구 담당자님 연결가능할까요?,안녕하세요 저희 프롬졸리 채널에서 우즈 제습기 공구 진행하고싶어서 연락드렸습니다 공구 담당자님 연결가능할까요,65,true,34,woods-저온제습기란-무엇인가요,저온제습기란 무엇인가요?,usage,사용 방법 / 제품 정보,common,,,[],false
219,2026-06-02T19:15:29.343,2026-06-02T19:15:30.081815,2026-06-02,2026-06-01,2026-06,production_user,laurastar,Laurastar,POST,/faq/search,kakao_search,06ee150abb59b832,다리미판커버 어디서 구입가능한가요?,다리미판커버 어디서 구입가능한가요,19,true,60,board-cover-compatibility,다리미판 커버 호환은 어떻게 되나요?,board-accessory,다리미판/커버/액세서리,common,,,[],false
220,2026-06-03T16:30:46.732,2026-06-03T16:30:46.777764,2026-06-03,2026-06-01,2026-06,production_user,woods,우즈 (WOODS),POST,/skill/faq,kakao_unified_skill,ed894e5ebf8617a1,네 확인되면 꼭 알려주세요~~,네 확인되면 꼭 알려주세요,16,false,0,,,,,common,,,[],false
221,2026-06-03T16:58:53.758,2026-06-03T16:58:53.874325,2026-06-03,2026-06-01,2026-06,production_user,woods,우즈 (WOODS),POST,/skill/faq,kakao_unified_skill,ed894e5ebf8617a1,"제습기 제품등록을 하려고 하는데
주소창에 주소를 입력할수 없습니다",제습기 제품등록을 하려고 하는데 주소창에 주소를 입력할수 없습니다,36,false,0,,,,,common,,,[],false
222,2026-06-04T10:19:20.194,2026-06-04T10:19:20.244781,2026-06-04,2026-06-01,2026-06,production_user,woods,우즈 (WOODS),POST,/skill/faq,kakao_unified_skill,ed894e5ebf8617a1,넵,넵,1,false,0,,,,,common,,,[],false
223,2026-06-04T10:23:48.594,2026-06-04T10:23:48.711968,2026-06-04,2026-06-01,2026-06,production_user,woods,우즈 (WOODS),POST,/skill/faq,kakao_unified_skill,6231a540446acf59,"30평대 구입,사용중인데 작동되다가 수시로 꺼지던데 왜그런가요?",30평대 구입 사용중인데 작동되다가 수시로 꺼지던데 왜그런가요,35,false,0,,,,,common,,,[],false
224,2026-06-04T14:24:14.412,2026-06-04T14:24:14.54607,2026-06-04,2026-06-01,2026-06,production_user,laurastar,Laurastar,POST,/skill/faq,kakao_unified_skill,741c8bf86b14c249,핸디스티머 스팀다리미 as 접수하려고 하는데 이쪽으로 영상 보내달라고 하셔서 영상 보내드립니다,핸디스티머 스팀다리미 as 접수하려고 하는데 이쪽으로 영상 보내달라고 하셔서 영상 보내드립니다,52,false,0,,,,,common,,,[],false
225,2026-06-04T14:24:49.555,2026-06-04T14:24:49.628906,2026-06-04,2026-06-01,2026-06,production_user,laurastar,Laurastar,POST,/skill/faq,kakao_unified_skill,741c8bf86b14c249,https://talk.kakaocdn.net/dna/wHmJd/dJMca5bgPW5/dd3EjSXXeMsKXMyrBvdeSU/talkv_high.mp4?credential=zf3biCPbmWRjbqf40YGePFLewdou7TIK&expires=1875158688&signature=48dFg2xvteq9nNhmd1HIkCJzwhE%3D,https talk kakaocdn net dna whmjd djmca5bgpw5 dd3ejsxxemskxmyrbvdesu talkv high mp4 credential zf3bicpbmwrjbqf40ygepflewdou7tik expires 1875158688 signature 48dfg2xvteq9nnhmd1hikcjzwhe 3d,189,true,106,smart-model-differences,"Smart I, Smart M, Smart U 차이가 무엇인가요?",smart,Smart 시리즈,common,,,[],false
226,2026-06-04T14:24:50.331,2026-06-04T14:24:50.483741,2026-06-04,2026-06-01,2026-06,production_user,laurastar,Laurastar,POST,/skill/faq,kakao_unified_skill,741c8bf86b14c249,https://talk.kakaocdn.net/dna/bH9czk/dJMca0gJj94/gKODokq1HftJT8DTGuxWFK/i_41eb3891b7d1.jpeg?credential=zf3biCPbmWRjbqf40YGePFLewdou7TIK&expires=1875158689&signature=asJgIjihPFTS%2FVLwDdHttqtBRDU%3D,https talk kakaocdn net dna bh9czk djmca0gjj94 gkodokq1hftjt8dtguxwfk i 41eb3891b7d1 jpeg credential zf3bicpbmwrjbqf40ygepflewdou7tik expires 1875158689 signature asjgijihpfts 2fvlwddhttqtbrdu 3d,197,true,110,smart-model-differences,"Smart I, Smart M, Smart U 차이가 무엇인가요?",smart,Smart 시리즈,common,,,[],false
227,2026-06-07T13:17:02.349,2026-06-07T13:17:02.873087,2026-06-07,2026-06-01,2026-06,production_user,laurastar,Laurastar,POST,/faq/search,kakao_search,8ebda7ddf7afca5e,as 관련문의,as 관련문의,7,false,0,,,,,common,,,[],false
228,2026-06-07T18:17:32.295,2026-06-07T18:17:33.02947,2026-06-07,2026-06-01,2026-06,production_user,laurastar,Laurastar,POST,/faq/search,kakao_search,407a6e87b552ed2e,"안녕하세요
분당 AK 백화점 팝업 계획이 있을까요?",안녕하세요 분당 ak 백화점 팝업 계획이 있을까요,28,false,0,,,,,common,,,[],false
229,2026-06-08T19:17:18.394,2026-06-08T19:17:19.042589,2026-06-08,2026-06-08,2026-06,production_user,laurastar,Laurastar,POST,/faq/search,kakao_search,0a405e10e40adf0d,다리미판 분리방법 동영상,다리미판 분리방법 동영상,13,false,0,,,,,common,,,[],false
230,2026-06-08T19:17:46.188,2026-06-08T19:17:46.862449,2026-06-08,2026-06-08,2026-06,production_user,laurastar,Laurastar,POST,/faq/search,kakao_search,0a405e10e40adf0d,"문자알림
[Web발신]
안녕하세요 고객님 :)
스위스 헤리티지와 감성을 담은 하이엔드 스팀 의류관리기, 로라스타입니다.

[ 포장 방법 안내 ] 
보일러 통과 다리미판 분리 방법 동영상 링크 첨부하오니 
포장 시 참고 해주시기 바랍니다.
보일러 통 제외 다리미 판만 파손 되지 않도록 포장 부탁 드립니다.

※분리방법 동영상

http://www.laurastar.co.kr/assets/media/video.php?video=34&title=%EB%8B%A4%EB%A6%AC%EB%AF%B8+%EC%8B%9C%EC%8A%A4%ED%85%9C+%EB%B3%B4%EC%9D%BC%EB%9F%AC+%EB%B6%84%EB%A6%AC+%EB%B0%A9%EB%B2%95

접수일로부터 약 1~3일 이내 CJ 대한통운 기사님 방문 시 제품 전달 부탁드리며, 당사로 입고 확인 후 새제품 교환 발송 예정입니다.

최대한 빠르게 처리 될 수 있도록 노력하겠습니다

감사합니다.",문자알림 web 발신 안녕하세요 고객님 스위스 헤리티지와 감성을 담은 하이엔드 스팀 의류관리기 로라스타입니다 포장 방법 안내 보일러 통과 다리미판 분리 방법 동영상 링크 첨부하오니 포장 시 참고 해주시기 바랍니다 보일러 통 제외 다리미 판만 파손 되지 않도록 포장 부탁 드립니다 분리방법 동영상 http www laurastar co kr assets media video php video 34 title eb 8b a4 eb a6 ac eb af b8+ ec 8b 9c ec 8a a4 ed 85 9c+ eb b3 b4 ec 9d bc eb 9f ac+ eb b6 84 eb a6 ac+ eb b0 a9 eb b2 95 접수일로부터 약 1 3일 이내 cj 대한통운 기사님 방문 시 제품 전달 부탁드리며 당사로 입고 확인 후 새제품 교환 발송 예정입니다 최대한 빠르게 처리 될 수 있도록 노력하겠습니다 감사합니다,498,true,158,as-smart-boiler-packing,Smart/시스템 제품 보일러통 AS 포장은 어떻게 하나요?,as-service,AS/수리,common,,,[],false
231,2026-06-08T19:17:52.916,2026-06-08T19:17:52.96812,2026-06-08,2026-06-08,2026-06,production_user,laurastar,Laurastar,POST,/faq/search,kakao_search,0a405e10e40adf0d,시스템 다리미판만 AS 보낼 때 어떻게 하나요?,시스템 다리미판만 as 보낼 때 어떻게 하나요,26,true,392,as-board-only-packing,시스템 다리미판만 AS 보낼 때 어떻게 하나요?,as-service,AS/수리,common,,,[],false
232,2026-06-09T13:21:08.568,2026-06-09T13:21:09.068871,2026-06-09,2026-06-08,2026-06,production_user,laurastar,Laurastar,POST,/faq/search,kakao_search,fb2c9e3ef8610a0c,문의,문의,2,false,0,,,,,common,,,[],false
233,2026-06-09T13:41:30.789,2026-06-09T13:41:31.383629,2026-06-09,2026-06-08,2026-06,production_user,laurastar,Laurastar,POST,/faq/search,kakao_search,fb2c9e3ef8610a0c,자주 묻는 질문,자주 묻는 질문,8,false,0,,,,,common,,,[],false
234,2026-06-09T13:41:37.737,2026-06-09T13:41:38.268896,2026-06-09,2026-06-08,2026-06,production_user,laurastar,Laurastar,POST,/faq/search,kakao_search,fb2c9e3ef8610a0c,IGGI 마개가 열리지 않아요.,iggi 마개가 열리지 않아요,17,true,366,iggi-cap-stuck,IGGI 마개가 열리지 않아요.,iggi,IGGI 핸디형 스티머,common,,,[],false
235,2026-06-09T13:42:00.921,2026-06-09T13:42:00.960863,2026-06-09,2026-06-08,2026-06,production_user,laurastar,Laurastar,POST,/faq/search,kakao_search,fb2c9e3ef8610a0c,IGGI 사용 후 마개는 어떻게 보관하나요?,iggi 사용 후 마개는 어떻게 보관하나요,24,true,392,iggi-cap-storage,IGGI 사용 후 마개는 어떻게 보관하나요?,iggi,IGGI 핸디형 스티머,common,,,[],false
236,2026-06-09T14:39:18.102,2026-06-09T14:39:18.228457,2026-06-09,2026-06-08,2026-06,production_user,woods,우즈 (WOODS),POST,/skill/faq,kakao_unified_skill,f9847578607a4f29,제습기 교환 문의 드려요,제습기 교환 문의 드려요,13,true,34,woods-저온제습기란-무엇인가요,저온제습기란 무엇인가요?,usage,사용 방법 / 제품 정보,common,,,[],false
237,2026-06-09T16:01:41.672,2026-06-09T16:01:42.050021,2026-06-09,2026-06-08,2026-06,production_user,woods,우즈 (WOODS),POST,/skill/faq,kakao_unified_skill,93995dd5afdae455,https://talk.kakaocdn.net/dna/crR1eO/dJMcbeTz7qD/kkRWJoqixRBW02Y5JsmZFJ/i_2b7c82f04497.jpeg?credential=zf3biCPbmWRjbqf40YGePFLewdou7TIK&expires=1875596481&signature=TAbtKOtiP2f6UO8EHwE9QDTJEwM%3D,https talk kakaocdn net dna crr1eo djmcbetz7qd kkrwjoqixrbw02y5jsmzfj i 2b7c82f04497 jpeg credential zf3bicpbmwrjbqf40ygepflewdou7tik expires 1875596481 signature tabtkotip2f6uo8ehwe9qdtjewm 3d,195,true,64,woods-사용-모드별로-어떻게-다른가요,사용 모드별로 어떻게 다른가요?,usage,사용 방법 / 제품 정보,per_model,,,[],false
238,2026-06-09T17:54:17.046,2026-06-09T17:54:17.168881,2026-06-09,2026-06-08,2026-06,production_user,laurastar,Laurastar,POST,/skill/faq,kakao_unified_skill,c336c0ecb6fd6203,입금자명 오예슬 입니다,입금자명 오예슬 입니다,12,false,0,,,,,common,,,[],false
239,2026-06-10T09:23:50.379,2026-06-10T09:23:50.432678,2026-06-10,2026-06-08,2026-06,production_user,woods,우즈 (WOODS),POST,/skill/faq,kakao_unified_skill,aa69ab34b7b33ce7,https://talk.kakaocdn.net/dna/bQk9qW/dJMca3LjXYW/YjX3N07FrLTHZaIkDVVxrM/i_667677553e72.jpg?credential=zf3biCPbmWRjbqf40YGePFLewdou7TIK&expires=1875658984&signature=%2FCwf1CAuZy%2BPAXY6GQOev22Otok%3D,https talk kakaocdn net dna bqk9qw djmca3ljxyw yjx3n07frlthzaikdvvxrm i 667677553e72 jpg credential zf3bicpbmwrjbqf40ygepflewdou7tik expires 1875658984 signature 2fcwf1cauzy 2bpaxy6gqoev22otok 3d,198,true,57,woods-사용-모드별로-어떻게-다른가요,사용 모드별로 어떻게 다른가요?,usage,사용 방법 / 제품 정보,per_model,,,[],false
240,2026-06-10T09:24:12.399,2026-06-10T09:24:12.445928,2026-06-10,2026-06-08,2026-06,production_user,woods,우즈 (WOODS),POST,/skill/faq,kakao_unified_skill,aa69ab34b7b33ce7,SW22FW 사용 모드별로 어떻게 다른가요?,sw22fw 사용 모드별로 어떻게 다른가요,24,true,206,woods-사용-모드별로-어떻게-다른가요,사용 모드별로 어떻게 다른가요?,usage,사용 방법 / 제품 정보,per_model,SW22FW,,[],false
241,2026-06-10T11:34:35.566,2026-06-10T11:34:36.152827,2026-06-10,2026-06-08,2026-06,production_user,laurastar,Laurastar,POST,/faq/search,kakao_search,26b02dd8d8a27acf,"어제 배송 받았는데
부품이 하나 없습니다",어제 배송 받았는데 부품이 하나 없습니다,22,false,0,,,,,common,,,[],false
242,2026-06-10T13:37:54.049,2026-06-10T13:37:54.476399,2026-06-10,2026-06-08,2026-06,production_user,laurastar,Laurastar,POST,/faq/search,kakao_search,14f85a56694d0246,스팀이 안나와요,스팀이 안나와요,8,true,43,lift-no-steam-noisy-water-light,Lift 작동 시 소리가 크고 스팀이 안 나오며 물 부족 경고등이 떠요.,lift,Lift 시리즈,common,,,[],false
243,2026-06-11T09:28:34.219,2026-06-11T09:28:34.58213,2026-06-11,2026-06-08,2026-06,production_user,woods,우즈 (WOODS),POST,/skill/faq,kakao_unified_skill,c57398d9ae399f2d,네이버q&a로 문의했었습니다 동영상 촬영해서 보내드려요,네이버 q a 로 문의했었습니다 동영상 촬영해서 보내드려요,30,false,0,,,,,common,,,[],false
244,2026-06-12T13:49:21.404,2026-06-12T13:49:22.034933,2026-06-12,2026-06-08,2026-06,production_user,laurastar,Laurastar,POST,/faq/search,kakao_search,12c41f028b85d631,스마트m 다리미 위에 뚜껑 구매,스마트 m 다리미 위에 뚜껑 구매,17,true,142,smart-model-differences,"Smart I, Smart M, Smart U 차이가 무엇인가요?",smart,Smart 시리즈,common,,,[],false
245,2026-06-12T18:17:42.957,2026-06-12T18:17:43.293461,2026-06-12,2026-06-08,2026-06,production_user,woods,우즈 (WOODS),POST,/skill/faq,kakao_unified_skill,c71d486205775e4e,안녕하세여,안녕하세여,5,true,200,base-greeting,인사말,base,기본 응답,common,,,[],false
246,2026-06-12T22:57:23.061,2026-06-12T22:57:23.219196,2026-06-12,2026-06-08,2026-06,production_user,woods,우즈 (WOODS),POST,/skill/faq,kakao_unified_skill,188dfc43d7b79322,"제습기 문의드립니다 지난주 수요일에 배송왔을때 제품 모서리가 벌어져있어서 교환요청했고 오늘 배송이 다시 왔는데요
30분 지나면 작동이 꺼지네요
제습 불은 들어와있는데 팬이 안돌아갑니다
소리도 커서 제습량 2단계 팬 1단계로 해놨고
제습 중간 단계레
팬 1단계로 했는데 또 팬이 안돌아가네요",제습기 문의드립니다 지난주 수요일에 배송왔을때 제품 모서리가 벌어져있어서 교환요청했고 오늘 배송이 다시 왔는데요 30분 지나면 작동이 꺼지네요 제습 불은 들어와있는데 팬이 안돌아갑니다 소리도 커서 제습량 2단계 팬 1단계로 해놨고 제습 중간 단계레 팬 1단계로 했는데 또 팬이 안돌아가네요,161,true,114,woods-사용-모드별로-어떻게-다른가요,사용 모드별로 어떻게 다른가요?,usage,사용 방법 / 제품 정보,per_model,,,[],false
247,2026-06-13T11:38:53.082,2026-06-13T11:38:53.479735,2026-06-13,2026-06-08,2026-06,production_user,laurastar,Laurastar,POST,/faq/search,kakao_search,c0942263acf8a8a8,물 표시가 빨갛게 계속 깜빡입니다,물 표시가 빨갛게 계속 깜빡입니다,18,false,0,,,,,common,,,[],false
248,2026-06-13T18:58:23.078,2026-06-13T18:58:23.697685,2026-06-13,2026-06-08,2026-06,production_user,laurastar,Laurastar,POST,/faq/search,kakao_search,b2c9ab4bf947b833,핸드스티머 이기 사용후 다시 쓸려고 하니까 뚜껑이 안열리네요 혹 열수있는 방법이 있나요???,핸드스티머 이기 사용후 다시 쓸려고 하니까 뚜껑이 안열리네요 혹 열수있는 방법이 있나요,51,true,147,iggi-cap-stuck,IGGI 마개가 열리지 않아요.,iggi,IGGI 핸디형 스티머,common,,,[],false
249,2026-06-13T18:58:45.831,2026-06-13T18:58:46.48397,2026-06-13,2026-06-08,2026-06,production_user,laurastar,Laurastar,POST,/faq/search,kakao_search,b2c9ab4bf947b833,안빼고 닫아서 보관함,안빼고 닫아서 보관함,11,false,0,,,,,common,,,[],false
250,2026-06-13T18:58:50.506,2026-06-13T18:58:51.078232,2026-06-13,2026-06-08,2026-06,production_user,laurastar,Laurastar,POST,/faq/search,kakao_search,b2c9ab4bf947b833,수돗물,수돗물,3,false,0,,,,,common,,,[],false
251,2026-06-13T18:59:18.743,2026-06-13T18:59:18.792677,2026-06-13,2026-06-08,2026-06,production_user,laurastar,Laurastar,POST,/faq/search,kakao_search,b2c9ab4bf947b833,어떤 물을 사용해야 하나요?,어떤 물을 사용해야 하나요,15,true,502,common-water-type,어떤 물을 사용해야 하나요?,common,공통 사용/관리,common,,,[],false
252,2026-06-13T18:59:33.717,2026-06-13T18:59:33.768024,2026-06-13,2026-06-08,2026-06,production_user,laurastar,Laurastar,POST,/faq/search,kakao_search,b2c9ab4bf947b833,사용 설명서,사용 설명서,6,true,236,common-manual-video,사용 설명서나 영상은 어디서 볼 수 있나요?,common,공통 사용/관리,common,,,[],false
253,2026-06-14T06:50:40.471,2026-06-14T06:50:40.910527,2026-06-14,2026-06-08,2026-06,production_user,laurastar,Laurastar,POST,/faq/search,kakao_search,6631afbc0b927246,이기 사용중인데 오랜만에 연결했더니 스팀분사가 안되요. 물통에 물을 좀 오래 놔둬서 그런지 물때같은게 뚜껑근처에보여요. 해결방법있을까요??,이기 사용중인데 오랜만에 연결했더니 스팀분사가 안되요 물통에 물을 좀 오래 놔둬서 그런지 물때같은게 뚜껑근처에보여요 해결방법있을까요,77,true,122,iggi-parts-price,IGGI 장갑이나 물통 부품 구매가 가능한가요?,iggi,IGGI 핸디형 스티머,common,,,[],false
254,2026-06-14T17:22:29.087,2026-06-14T17:22:29.144275,2026-06-14,2026-06-08,2026-06,production_user,woods,우즈 (WOODS),POST,/skill/faq,kakao_unified_skill,a63f3b9dcde49282,아직 물받이통에 제습을 안해서 물도없는데 램프색이 빨간색으로 뜨는데요 우즈 가정용이고 구입하고 첫 사용이예요,아직 물받이통에 제습을 안해서 물도없는데 램프색이 빨간색으로 뜨는데요 우즈 가정용이고 구입하고 첫 사용이예요,60,false,0,,,,,common,,,[],false
255,2026-06-15T12:53:54.341,2026-06-15T12:53:55.149953,2026-06-15,2026-06-15,2026-06,production_user,laurastar,Laurastar,POST,/faq/search,kakao_search,5a4f300b9c6768f1,As어떻게 합니까,as 어떻게 합니까,9,false,0,,,,,common,,,[],false
256,2026-06-15T12:54:27.145,2026-06-15T12:54:27.784598,2026-06-15,2026-06-15,2026-06,production_user,laurastar,Laurastar,POST,/faq/search,kakao_search,5a4f300b9c6768f1,as진행하고 싶습니다,as 진행하고 싶습니다,11,false,0,,,,,common,,,[],false
257,2026-06-17T09:48:24.958,2026-06-17T09:48:25.584971,2026-06-17,2026-06-15,2026-06,production_user,laurastar,Laurastar,POST,/faq/search,kakao_search,4cfc8e1e0e0cf636,FAQ,faq,3,false,0,,,,,common,,,[],false
258,2026-06-17T09:48:37.308,2026-06-17T09:48:37.713839,2026-06-17,2026-06-15,2026-06,production_user,laurastar,Laurastar,POST,/faq/search,kakao_search,4cfc8e1e0e0cf636,나사가 안왔어요,나사가 안왔어요,8,false,0,,,,,common,,,[],false
259,2026-06-17T23:06:47.864,2026-06-17T23:06:48.318764,2026-06-17,2026-06-15,2026-06,production_user,laurastar,Laurastar,POST,/faq/search,kakao_search,8ebda7ddf7afca5e,"안녕하세요
리와인더 불량 관련하여 AS 받았는데 집에서 사용해보니 똑같은 현상이 있습니다.
리와인더 코드 사용하는 방법이 따로 있는건가요??",안녕하세요 리와인더 불량 관련하여 as 받았는데 집에서 사용해보니 똑같은 현상이 있습니다 리와인더 코드 사용하는 방법이 따로 있는건가요,78,true,157,izzi-lift-cord-lock,IZZI/Lift 코드선이 잠긴 것 같아요.,izzi,IZZI 시리즈,common,,,[],false
260,2026-06-17T23:07:25.272,2026-06-17T23:07:25.32713,2026-06-17,2026-06-15,2026-06,production_user,laurastar,Laurastar,POST,/faq/search,kakao_search,8ebda7ddf7afca5e,빨간선까지 당기지 않았는데 락이 걸렸는지 코드가 안들어갑니다,빨간선까지 당기지 않았는데 락이 걸렸는지 코드가 안들어갑니다,33,true,32,smart-water-not-moving,Smart에 물을 채웠는데 보일러통으로 들어가지 않는 것 같아요.,smart,Smart 시리즈,common,,,[],false
261,2026-06-18T08:59:33.056,2026-06-18T08:59:33.165921,2026-06-18,2026-06-15,2026-06,production_user,aarke,아르케 (Aarke),POST,/skill/faq,kakao_unified_skill,629ec2d7c9814dbc,안녕,안녕,2,true,200,base-greeting,인사말,base,기본 응답,common,,,[],false
262,2026-06-18T08:59:40.94,2026-06-18T08:59:40.993847,2026-06-18,2026-06-15,2026-06,production_user,aarke,아르케 (Aarke),POST,/skill/faq,kakao_unified_skill,629ec2d7c9814dbc,탄산이 약해요,탄산이 약해요,7,true,123,aarke-weak-carbonation,탄산이 예전만큼 강하게 나오지 않아요.,troubleshoot,문제 해결,common,,,[],false
263,2026-06-18T08:59:49.314,2026-06-18T08:59:49.377355,2026-06-18,2026-06-15,2026-06,production_user,aarke,아르케 (Aarke),POST,/skill/faq,kakao_unified_skill,629ec2d7c9814dbc,실린더 한 개로 어느 정도의 탄산수를 만들 수 있나요?,실린더 한 개로 어느 정도의 탄산수를 만들 수 있나요,30,true,410,aarke-cylinder-capacity,실린더 한 개로 어느 정도의 탄산수를 만들 수 있나요?,cylinder,실린더/리필,common,,,[],false
264,2026-06-18T08:59:53.399,2026-06-18T08:59:53.451558,2026-06-18,2026-06-15,2026-06,production_user,aarke,아르케 (Aarke),POST,/skill/faq,kakao_unified_skill,629ec2d7c9814dbc,충전 리필 실린더란 무엇인가요?,충전 리필 실린더란 무엇인가요,17,true,384,aarke-refill-cylinder,충전 리필 실린더란 무엇인가요?,cylinder,실린더/리필,common,,,[],false
265,2026-06-18T08:59:55.039,2026-06-18T08:59:55.08407,2026-06-18,2026-06-15,2026-06,production_user,aarke,아르케 (Aarke),POST,/skill/faq,kakao_unified_skill,629ec2d7c9814dbc,충전 실린더는 어떻게 구매하나요?,충전 실린더는 어떻게 구매하나요,18,true,374,aarke-refill-cylinder-purchase,충전 실린더는 어떻게 구매하나요?,cylinder,실린더/리필,common,,,[],false
266,2026-06-18T09:00:09.841,2026-06-18T09:00:09.876076,2026-06-18,2026-06-15,2026-06,production_user,aarke,아르케 (Aarke),POST,/skill/faq,kakao_unified_skill,629ec2d7c9814dbc,고마워,고마워,3,false,0,,,,,common,,,[],false
267,2026-06-18T11:49:47.695,2026-06-18T11:49:48.007508,2026-06-18,2026-06-15,2026-06,production_user,laurastar,Laurastar,POST,/faq/search,kakao_search,ea546fb7f17e2e30,"안녕하세요 
BOSS IZZI 신세계 강남점에서 구매했었는데요
물통이 깨져서 재주문 하려 합니다.
이곳으로 문자 하면 되나요?",안녕하세요 boss izzi 신세계 강남점에서 구매했었는데요 물통이 깨져서 재주문 하려 합니다 이곳으로 문자 하면 되나요,70,true,106,izzi-boss-edition,IZZI와 보스 에디션은 어떤 차이가 있나요?,izzi,IZZI 시리즈,common,,,[],false
268,2026-06-19T16:07:52.255,2026-06-19T16:07:52.578076,2026-06-19,2026-06-15,2026-06,production_user,laurastar,Laurastar,POST,/faq/search,kakao_search,7b3e6fe3918eed95,불량건,불량건,3,false,0,,,,,common,,,[],false
269,2026-06-19T16:08:13.438,2026-06-19T16:08:14.088366,2026-06-19,2026-06-15,2026-06,production_user,laurastar,Laurastar,POST,/faq/search,kakao_search,7b3e6fe3918eed95,스팀 카트 불량 빨리 처리해주새요,스팀 카트 불량 빨리 처리해주새요,18,false,0,,,,,common,,,[],false
270,2026-06-20T11:24:07.393,2026-06-20T11:24:07.526969,2026-06-20,2026-06-15,2026-06,production_user,aarke,아르케 (Aarke),POST,/skill/faq,kakao_unified_skill,c406ec89af7efa39,3를구매했는데 6월 10일에 했눈데 실린더를 벌써 다쓸수도 있나요?,3를구매했는데 6월 10일에 했눈데 실린더를 벌써 다쓸수도 있나요,37,true,79,aarke-refill-cylinder-purchase,충전 실린더는 어떻게 구매하나요?,cylinder,실린더/리필,common,,,[],false
271,2026-06-21T13:04:24.596,2026-06-21T13:04:24.830079,2026-06-21,2026-06-15,2026-06,production_user,laurastar,Laurastar,POST,/skill/faq,kakao_unified_skill,fa41f62ad105009f,As신청 어떻게 하나요,as 신청 어떻게 하나요,12,false,0,,,,,common,,,[],false
272,2026-06-21T18:47:49.265,2026-06-21T18:47:49.921887,2026-06-21,2026-06-15,2026-06,production_user,laurastar,Laurastar,POST,/faq/search,kakao_search,30553d0c4fa5e0f8,https://talk.kakaocdn.net/dna/A30Hm/dJMcbgqnx7Y/33JupAmaSvhSAMbjoU6uKs/i_8a847443055d.jpeg?credential=zf3biCPbmWRjbqf40YGePFLewdou7TIK&expires=1876643268&signature=d80ynpcll5UOL6VMtRJwHV0uWm0%3D,https talk kakaocdn net dna a30hm djmcbgqnx7y 33jupamasvhsambjou6uks i 8a847443055d jpeg credential zf3bicpbmwrjbqf40ygepflewdou7tik expires 1876643268 signature d80ynpcll5uol6vmtrjwhv0uwm0 3d,194,true,110,smart-model-differences,"Smart I, Smart M, Smart U 차이가 무엇인가요?",smart,Smart 시리즈,common,,,[],false
273,2026-06-21T18:52:39.225,2026-06-21T18:52:39.960289,2026-06-21,2026-06-15,2026-06,production_user,laurastar,Laurastar,POST,/faq/search,kakao_search,30553d0c4fa5e0f8,https://talk.kakaocdn.net/dna/d2VIx7/dJMcbdUIRna/2K9YrXuiIDfjCUzPo21SaE/talkv_high.mp4?credential=zf3biCPbmWRjbqf40YGePFLewdou7TIK&expires=1876643558&signature=vYEf8uk4ZQGuI9igdJBoxWZOBlw%3D,https talk kakaocdn net dna d2vix7 djmcbduirna 2k9yrxuiidfjcuzpo21sae talkv high mp4 credential zf3bicpbmwrjbqf40ygepflewdou7tik expires 1876643558 signature vyef8uk4zqgui9igdjboxwzoblw 3d,190,true,106,smart-model-differences,"Smart I, Smart M, Smart U 차이가 무엇인가요?",smart,Smart 시리즈,common,,,[],false
274,2026-06-21T18:52:44.652,2026-06-21T18:52:45.30842,2026-06-21,2026-06-15,2026-06,production_user,laurastar,Laurastar,POST,/faq/search,kakao_search,30553d0c4fa5e0f8,AS 접수,as 접수,5,true,158,as-before-check,불량이 의심되면 바로 AS 접수해야 하나요?,as-service,AS/수리,common,,,[],false
275,2026-06-21T18:54:18.166,2026-06-21T18:54:18.751066,2026-06-21,2026-06-15,2026-06,production_user,laurastar,Laurastar,POST,/faq/search,kakao_search,30553d0c4fa5e0f8,필터를 빼고 해도 왼쪽 쪽 빨간 불이 계속 빤짝거리면서 물이 투입이 안 됩니다,필터를 빼고 해도 왼쪽 쪽 빨간 불이 계속 빤짝거리면서 물이 투입이 안 됩니다,43,false,0,,,,,common,,,[],false
276,2026-06-21T18:54:27.431,2026-06-21T18:54:27.478003,2026-06-21,2026-06-15,2026-06,production_user,laurastar,Laurastar,POST,/faq/search,kakao_search,30553d0c4fa5e0f8,수돗물 이요,수돗물 이요,6,false,0,,,,,common,,,[],false
277,2026-06-21T18:55:04.97,2026-06-21T18:55:05.619467,2026-06-21,2026-06-15,2026-06,production_user,laurastar,Laurastar,POST,/faq/search,kakao_search,30553d0c4fa5e0f8,필터를 새걸로 교환 하고 해도 안 되고 필터를 빼고 해도 안 됩니다,필터를 새걸로 교환 하고 해도 안 되고 필터를 빼고 해도 안 됩니다,37,true,42,exchange-model-change,다른 모델로 교환할 수 있나요?,order-return,주문/배송/반품,common,,,[],false
278,2026-06-22T13:08:17.148,2026-06-22T13:08:17.277495,2026-06-22,2026-06-22,2026-06,production_user,woods,우즈 (WOODS),POST,/skill/faq,kakao_unified_skill,0fcf6aec691618e3,제습기 회수도 늦고 회수 된 이후로도 왜 이렇게 진행이 느린지? 연락부탁합니다,제습기 회수도 늦고 회수 된 이후로도 왜 이렇게 진행이 느린지 연락부탁합니다,43,false,0,,,,,common,,,[],false
279,2026-06-23T14:41:54.547,2026-06-23T14:41:54.606067,2026-06-23,2026-06-22,2026-06,production_user,laurastar,Laurastar,POST,/skill/faq,kakao_unified_skill,1ca233f140b7bfb8,입금했습니다,입금했습니다,6,false,0,,,,,common,,,[],false
280,2026-06-24T09:22:19.344,2026-06-24T09:22:19.762379,2026-06-24,2026-06-22,2026-06,production_user,aarke,아르케 (Aarke),POST,/skill/faq,kakao_unified_skill,852bda0698089504,처음 버튼을 누르면 탄산소리가 틀리게 들리고 두번째는 제대로 작동하는것 같은데 왜그런지요.  처음 제품을 받았을때 탄산누르는 버튼이 삐뚤게 좀 올라와 있던데 정상제품인지요,처음 버튼을 누르면 탄산소리가 틀리게 들리고 두번째는 제대로 작동하는것 같은데 왜그런지요 처음 제품을 받았을때 탄산누르는 버튼이 삐뚤게 좀 올라와 있던데 정상제품인지요,95,true,107,aarke-gas-button-no-response,가스 주입 버튼을 눌러도 반응이 없거나 소리만 나요.,troubleshoot,문제 해결,common,,,[],false
281,2026-06-24T09:58:02.788,2026-06-24T09:58:03.171585,2026-06-24,2026-06-22,2026-06,production_user,aarke,아르케 (Aarke),POST,/skill/faq,kakao_unified_skill,852bda0698089504,탄산을 넣을 때 소리가 크게 나는데 고장인가요?,탄산을 넣을 때 소리가 크게 나는데 고장인가요,26,true,348,aarke-carbonation-sound-normal,탄산을 넣을 때 소리가 크게 나는데 고장인가요?,usage,제품 사용/작동,common,,,[],false
282,2026-06-24T13:54:27.486,2026-06-24T13:54:27.636625,2026-06-24,2026-06-22,2026-06,production_user,aarke,아르케 (Aarke),POST,/skill/faq,kakao_unified_skill,e83d20743cf407c7,구입했는데 장품등록을 어떻게 하나오,구입했는데 장품등록을 어떻게 하나오,19,false,0,,,,,common,,,[],false
283,2026-06-24T13:54:49.125,2026-06-24T13:54:49.172166,2026-06-24,2026-06-22,2026-06,production_user,aarke,아르케 (Aarke),POST,/skill/faq,kakao_unified_skill,e83d20743cf407c7,정품등록방법,정품등록방법,6,true,165,aarke-product-registration,제품등록은 어디서 하나요?,support,AS/보증/등록,common,,,[],false
284,2026-06-24T14:02:12.19,2026-06-24T14:02:12.243899,2026-06-24,2026-06-22,2026-06,production_user,aarke,아르케 (Aarke),POST,/skill/faq,kakao_unified_skill,e83d20743cf407c7,제품등록은 했어.사용후 실린더 주문 이나 맞교환같은건 어디로 신청해,제품등록은 했어 사용후 실린더 주문 이나 맞교환같은건 어디로 신청해,37,true,165,aarke-product-registration,제품등록은 어디서 하나요?,support,AS/보증/등록,common,,,[],false
285,2026-06-24T14:04:56.132,2026-06-24T14:04:56.174979,2026-06-24,2026-06-22,2026-06,production_user,aarke,아르케 (Aarke),POST,/skill/faq,kakao_unified_skill,e83d20743cf407c7,추가 제품 구입은 어디서,추가 제품 구입은 어디서,13,true,51,aarke-product-registration,제품등록은 어디서 하나요?,support,AS/보증/등록,common,,,[],false
286,2026-06-24T14:09:01.994,2026-06-24T14:09:02.054177,2026-06-24,2026-06-22,2026-06,production_user,aarke,아르케 (Aarke),POST,/skill/faq,kakao_unified_skill,e83d20743cf407c7,가스 주입 후 받침 아래에 물이 고여있던데 정상인가요,가스 주입 후 받침 아래에 물이 고여있던데 정상인가요,29,true,54,aarke-gas-button-no-response,가스 주입 버튼을 눌러도 반응이 없거나 소리만 나요.,troubleshoot,문제 해결,common,,,[],false
287,2026-06-25T12:31:43.822,2026-06-25T12:31:44.393913,2026-06-25,2026-06-22,2026-06,production_user,laurastar,Laurastar,POST,/faq/search,kakao_search,64e36cf65d1c4930,"안녕하세요 
24년 11월에 구입하여
작년 10월 as를 받았습니다 
그런데 같은 문제가 발생해서요
어제 스팀이 안나오다가 사용을 중단하고 오늘 전원을 켰는데 깜박거리기만합니다
As 부탁드립니다",안녕하세요 24년 11월에 구입하여 작년 10월 as 를 받았습니다 그런데 같은 문제가 발생해서요 어제 스팀이 안나오다가 사용을 중단하고 오늘 전원을 켰는데 깜박거리기만합니다 as 부탁드립니다,108,false,0,,,,,common,,,[],false
288,2026-06-25T12:32:00.136,2026-06-25T12:32:00.374926,2026-06-25,2026-06-22,2026-06,production_user,laurastar,Laurastar,POST,/faq/search,kakao_search,64e36cf65d1c4930,수돗물요,수돗물요,4,false,0,,,,,common,,,[],false
289,2026-06-25T13:53:33.698,2026-06-25T13:53:34.004864,2026-06-25,2026-06-22,2026-06,production_user,laurastar,Laurastar,POST,/faq/search,kakao_search,64e36cf65d1c4930,"안녕하세요 
꼼꼼하게 청소하고 나니 작동됩니다
수고하세요 ~^^",안녕하세요 꼼꼼하게 청소하고 나니 작동됩니다 수고하세요,35,false,0,,,,,common,,,[],false
290,2026-06-26T14:14:10.337,2026-06-26T14:14:10.442448,2026-06-26,2026-06-22,2026-06,production_user,woods,우즈 (WOODS),POST,/skill/faq,kakao_unified_skill,08c6e0ebfcdcb6cd,ㅁ에ㅔ,ㅁ에ㅔ,3,false,0,,,,,common,,,[],false
291,2026-06-26T16:30:51.826,2026-06-26T16:30:52.685672,2026-06-26,2026-06-22,2026-06,production_user,laurastar,Laurastar,POST,/faq/search,kakao_search,163f6a72ff9d6cb2,"사우스시티점 입니다
고객님 as건 매장에서 어제 파주로 보냈어요
온라인접수한상태
김혜연고객  010 7294 4547
박스안에 고객 연락처 누락했어요
챙겨봐주세요(초기불량건)",사우스시티점 입니다 고객님 as 건 매장에서 어제 파주로 보냈어요 온라인접수한상태 김혜연고객 010 7294 4547 박스안에 고객 연락처 누락했어요 챙겨봐주세요 초기불량건,97,true,96,as-before-check,불량이 의심되면 바로 AS 접수해야 하나요?,as-service,AS/수리,common,,,[],false
292,2026-06-26T17:00:07.214,2026-06-26T17:00:07.508626,2026-06-26,2026-06-22,2026-06,production_user,woods,우즈 (WOODS),POST,/skill/faq,kakao_unified_skill,4b2bb721242e6a2f,안녕하세요,안녕하세요,5,true,200,base-greeting,인사말,base,기본 응답,common,,,[],false
293,2026-06-26T17:05:20.42,2026-06-26T17:05:20.872237,2026-06-26,2026-06-22,2026-06,production_user,laurastar,Laurastar,POST,/faq/search,kakao_search,ef40e5cb1067857d,https://talk.kakaocdn.net/dna/do38Jk/dJMca9EOcum/VFwmVLKbj6I2KUmD2tItwH/talkv_high.mp4?credential=zf3biCPbmWRjbqf40YGePFLewdou7TIK&expires=1877069120&signature=SzAdOcI%2BUExdO2XC8Ywi7vfP8Jk%3D,https talk kakaocdn net dna do38jk djmca9eocum vfwmvlkbj6i2kumd2titwh talkv high mp4 credential zf3bicpbmwrjbqf40ygepflewdou7tik expires 1877069120 signature szadoci 2buexdo2xc8ywi7vfp8jk 3d,192,true,106,smart-model-differences,"Smart I, Smart M, Smart U 차이가 무엇인가요?",smart,Smart 시리즈,common,,,[],false
294,2026-06-26T17:05:57.876,2026-06-26T17:05:58.318955,2026-06-26,2026-06-22,2026-06,production_user,laurastar,Laurastar,POST,/faq/search,kakao_search,ef40e5cb1067857d,물을 다시 다 뺏다 넣어도 보고. 물통에 부래 움직임도 다 확인해서 이상없는거 확인했는데.. 계속 물부족불 들어온다네요..,물을 다시 다 뺏다 넣어도 보고 물통에 부래 움직임도 다 확인해서 이상없는거 확인했는데 계속 물부족불 들어온다네요,68,false,0,,,,,common,,,[],false
295,2026-06-26T18:30:03.318,2026-06-26T18:30:03.910796,2026-06-26,2026-06-22,2026-06,production_user,laurastar,Laurastar,POST,/faq/search,kakao_search,ef40e5cb1067857d,네~ 주말 잘보내세요~:),네 주말 잘보내세요,14,false,0,,,,,common,,,[],false
296,2026-06-27T14:46:18.672,2026-06-27T14:46:19.385605,2026-06-27,2026-06-22,2026-06,production_user,laurastar,Laurastar,POST,/faq/search,kakao_search,3c3090d8f6d59e1a,필터 교체해도 알람이 깜박이고 스팀이 나오지않아요,필터 교체해도 알람이 깜박이고 스팀이 나오지않아요,27,true,79,izzi-lift-filter-replacement,IZZI/Lift 필터 교체 주기는 어떻게 되나요?,izzi,IZZI 시리즈,common,,,[],false
297,2026-06-28T20:06:43.03,2026-06-28T20:06:43.188527,2026-06-28,2026-06-22,2026-06,production_user,aarke,아르케 (Aarke),POST,/skill/faq,kakao_unified_skill,d5fc7c457378dc56,가스리필 신청합니다.,가스리필 신청합니다,11,false,0,,,,,common,,,[],false
298,2026-06-29T11:08:43.637,2026-06-29T11:08:44.113757,2026-06-29,2026-06-29,2026-06,production_user,laurastar,Laurastar,POST,/faq/search,kakao_search,9cbb35102ece4817,안녕하세요 as문의 드립니다,안녕하세요 as 문의 드립니다,15,false,0,,,,,common,,,[],false
299,2026-06-29T11:11:56.102,2026-06-29T11:11:56.669902,2026-06-29,2026-06-29,2026-06,production_user,laurastar,Laurastar,POST,/faq/search,kakao_search,9cbb35102ece4817,https://talk.kakaocdn.net/dna/bFDVN7/dJMcaGCHZFB/JdGKMHP1jkWCULrKi7YeLo/talkv_high.mp4?credential=zf3biCPbmWRjbqf40YGePFLewdou7TIK&expires=1877307115&signature=u0ZY33%2FM5oDAvy37sMhL1YDQ8bY%3D,https talk kakaocdn net dna bfdvn7 djmcagchzfb jdgkmhp1jkwculrki7yelo talkv high mp4 credential zf3bicpbmwrjbqf40ygepflewdou7tik expires 1877307115 signature u0zy33 2fm5odavy37smhl1ydq8by 3d,192,true,106,smart-model-differences,"Smart I, Smart M, Smart U 차이가 무엇인가요?",smart,Smart 시리즈,common,,,[],false
300,2026-06-29T14:09:46.251,2026-06-29T14:09:46.365723,2026-06-29,2026-06-29,2026-06,production_user,aarke,아르케 (Aarke),POST,/skill/faq,kakao_unified_skill,d27091c1fa3b2ba8,,,0,false,0,,,,,common,,,[],false
301,2026-06-29T14:09:52.833,2026-06-29T14:09:52.902817,2026-06-29,2026-06-29,2026-06,production_user,aarke,아르케 (Aarke),POST,/skill/faq,kakao_unified_skill,d27091c1fa3b2ba8,탄산이 예전만큼 강하게 나오지 않아요.,탄산이 예전만큼 강하게 나오지 않아요,21,true,433,aarke-weak-carbonation,탄산이 예전만큼 강하게 나오지 않아요.,troubleshoot,문제 해결,common,,,[],false
302,2026-06-29T14:10:00.211,2026-06-29T14:10:00.258911,2026-06-29,2026-06-29,2026-06,production_user,aarke,아르케 (Aarke),POST,/skill/faq,kakao_unified_skill,d27091c1fa3b2ba8,실린더 한 개로 어느 정도의 탄산수를 만들 수 있나요?,실린더 한 개로 어느 정도의 탄산수를 만들 수 있나요,30,true,410,aarke-cylinder-capacity,실린더 한 개로 어느 정도의 탄산수를 만들 수 있나요?,cylinder,실린더/리필,common,,,[],false
303,2026-06-29T14:10:20.178,2026-06-29T14:10:20.222136,2026-06-29,2026-06-29,2026-06,production_user,aarke,아르케 (Aarke),POST,/skill/faq,kakao_unified_skill,d27091c1fa3b2ba8,충전 리필 실린더란 무엇인가요?,충전 리필 실린더란 무엇인가요,17,true,384,aarke-refill-cylinder,충전 리필 실린더란 무엇인가요?,cylinder,실린더/리필,common,,,[],false
304,2026-06-29T14:10:26.611,2026-06-29T14:10:26.650277,2026-06-29,2026-06-29,2026-06,production_user,aarke,아르케 (Aarke),POST,/skill/faq,kakao_unified_skill,d27091c1fa3b2ba8,충전 실린더는 어떻게 구매하나요?,충전 실린더는 어떻게 구매하나요,18,true,374,aarke-refill-cylinder-purchase,충전 실린더는 어떻게 구매하나요?,cylinder,실린더/리필,common,,,[],false
305,2026-06-29T14:10:52.727,2026-06-29T14:10:52.763354,2026-06-29,2026-06-29,2026-06,production_user,aarke,아르케 (Aarke),POST,/skill/faq,kakao_unified_skill,d27091c1fa3b2ba8,실린더 장착은?,실린더 장착은,8,true,86,aarke-cylinder-replacement,실린더 교체는 어떻게 하나요?,cylinder,실린더/리필,common,,,[],false
306,2026-06-29T14:11:14.673,2026-06-29T14:11:14.713952,2026-06-29,2026-06-29,2026-06,production_user,aarke,아르케 (Aarke),POST,/skill/faq,kakao_unified_skill,d27091c1fa3b2ba8,탄산이 약해요,탄산이 약해요,7,true,123,aarke-weak-carbonation,탄산이 예전만큼 강하게 나오지 않아요.,troubleshoot,문제 해결,common,,,[],false
307,2026-06-29T14:11:46.71,2026-06-29T14:11:46.764293,2026-06-29,2026-06-29,2026-06,production_user,aarke,아르케 (Aarke),POST,/skill/faq,kakao_unified_skill,d27091c1fa3b2ba8,카보네이트3 페트병,카보네이트3 페트병,10,false,0,,,,,common,,,[],false
308,2026-06-29T14:11:52.868,2026-06-29T14:11:52.898459,2026-06-29,2026-06-29,2026-06,production_user,aarke,아르케 (Aarke),POST,/skill/faq,kakao_unified_skill,d27091c1fa3b2ba8,펫트병 청소,펫트병 청소,6,false,0,,,,,common,,,[],false
309,2026-06-29T14:12:15.865,2026-06-29T14:12:15.913517,2026-06-29,2026-06-29,2026-06,production_user,aarke,아르케 (Aarke),POST,/skill/faq,kakao_unified_skill,d27091c1fa3b2ba8,프로랑 3 차이점,프로랑 3 차이점,9,true,53,aarke-carbonator3-vs-pro,Carbonator 3와 Carbonator Pro의 차이점은 무엇인가요?,usage,제품 사용/작동,common,,,[],false
310,2026-06-29T14:40:58.776,2026-06-29T14:40:59.226262,2026-06-29,2026-06-29,2026-06,production_user,laurastar,Laurastar,POST,/faq/search,kakao_search,cb82afd4361bc48d,https://talk.kakaocdn.net/dna/MiOSf/dJMca5oVVgm/0F0rCUCU5v3wYm1gy9kxpJ/i_2fecb0b83424.jpg?credential=zf3biCPbmWRjbqf40YGePFLewdou7TIK&expires=1877319658&signature=sp%2B0DmrHi5LZ%2FxTwTcB91SqaNiI%3D,https talk kakaocdn net dna miosf djmca5ovvgm 0f0rcucu5v3wym1gy9kxpj i 2fecb0b83424 jpg credential zf3bicpbmwrjbqf40ygepflewdou7tik expires 1877319658 signature sp 2b0dmrhi5lz 2fxtwtcb91sqanii 3d,197,true,117,smart-model-differences,"Smart I, Smart M, Smart U 차이가 무엇인가요?",smart,Smart 시리즈,common,,,[],false
311,2026-06-29T14:41:17.6,2026-06-29T14:41:18.116749,2026-06-29,2026-06-29,2026-06,production_user,laurastar,Laurastar,POST,/faq/search,kakao_search,cb82afd4361bc48d,물나오는 부분이,물나오는 부분이,8,false,0,,,,,common,,,[],false
312,2026-06-29T15:06:00.259,2026-06-29T15:06:00.498957,2026-06-29,2026-06-29,2026-06,production_user,laurastar,Laurastar,POST,/skill/faq,kakao_unified_skill,ee9636e82000664a,.,,1,false,0,,,,,common,,,[],false
313,2026-06-29T19:04:05.78,2026-06-29T19:04:06.38616,2026-06-29,2026-06-29,2026-06,deployment_test,laurastar,Laurastar,POST,/skill/laurastar/faq,kakao_skill,,IGGI 마개가 안열려요,iggi 마개가 안열려요,13,true,126,iggi-cap-stuck,IGGI 마개가 열리지 않아요.,iggi,IGGI 핸디형 스티머,common,,,[],false
314,2026-06-29T19:04:06.367,2026-06-29T19:04:06.954203,2026-06-29,2026-06-29,2026-06,deployment_test,woods,우즈 (WOODS),POST,/skill/woods/faq,kakao_skill,,SW22FW 필터 청소,sw22fw 필터 청소,12,true,220,woods-필터-관리는-어떻게-하나요,필터 관리는 어떻게 하나요?,filter,필터 관리 / 구매,per_model,SW22FW,,[],false
316,2026-06-29T19:04:06.922,2026-06-29T19:04:07.917346,2026-06-29,2026-06-29,2026-06,deployment_test,aarke,아르케 (Aarke),POST,/skill/aarke/faq,kakao_skill,,구입했는데 장품등록을 어떻게 하나오,구입했는데 장품등록을 어떻게 하나오,19,true,158,aarke-product-registration,제품등록은 어디서 하나요?,support,AS/보증/등록,common,,구입했는데 제품등록을 어떻게 하나요,"[{""type"":""alias"",""score"":1,""original"":""장품등록"",""corrected"":""제품등록""},{""type"":""alias"",""score"":1,""original"":""하나오"",""corrected"":""하나요""}]",false
315,2026-06-29T19:04:07.414,2026-06-29T19:04:07.798463,2026-06-29,2026-06-29,2026-06,deployment_test,litter-robot,리터로봇 (Litter-Robot),POST,/skill/litter-robot/faq,kakao_skill,,파란불 다섯칸 깜빡여,파란불 다섯칸 깜빡여,11,true,195,litter-robot-파란색-5-칸-깜빡,파란색 5칸 깜빡,light_errors,라이트바 / 오류 표시,common,,파란색 5칸 깜빡여,"[{""type"":""alias"",""score"":1,""original"":""파란불"",""corrected"":""파란색""},{""type"":""alias"",""score"":1,""original"":""다섯칸"",""corrected"":""5칸""}]",false
317,2026-06-29T19:04:10.824,2026-06-29T19:04:10.943423,2026-06-29,2026-06-29,2026-06,deployment_test,litter-robot,리터로봇 (Litter-Robot),POST,/skill/faq,kakao_unified_skill,13ca2b28484a1a59,와이파이 연결이 안돼요,와이파이 연결이 안돼요,12,true,355,litter-robot-와이파이-연결이-안돼요,와이파이 연결이 안돼요,app_connection,앱 / 와이파이 연결,common,,,[],false
318,2026-06-29T19:04:12.207,2026-06-29T19:04:12.315945,2026-06-29,2026-06-29,2026-06,deployment_test,litter-robot,리터로봇 (Litter-Robot),POST,/skill/faq,kakao_unified_skill,13ca2b28484a1a59,파란불 다섯칸 깜빡여,파란불 다섯칸 깜빡여,11,true,195,litter-robot-파란색-5-칸-깜빡,파란색 5칸 깜빡,light_errors,라이트바 / 오류 표시,common,,파란색 5칸 깜빡여,"[{""type"":""alias"",""score"":1,""original"":""파란불"",""corrected"":""파란색""},{""type"":""alias"",""score"":1,""original"":""다섯칸"",""corrected"":""5칸""}]",false
319,2026-06-29T19:09:11.658,2026-06-29T19:09:11.686394,2026-06-29,2026-06-29,2026-06,production_user,litter-robot,리터로봇 (Litter-Robot),POST,/skill/faq,kakao_unified_skill,629ec2d7c9814dbc,안녕하세요,안녕하세요,5,true,200,base-greeting,인사말,base,기본 응답,common,,,[],false
320,2026-06-29T22:25:25.504,2026-06-29T22:25:25.587058,2026-06-29,2026-06-29,2026-06,production_user,litter-robot,리터로봇 (Litter-Robot),POST,/skill/faq,kakao_unified_skill,629ec2d7c9814dbc,와이파이 연결이 안돼요,와이파이 연결이 안돼요,12,true,355,litter-robot-와이파이-연결이-안돼요,와이파이 연결이 안돼요,app_connection,앱 / 와이파이 연결,common,,,[],false
321,2026-06-30T00:49:58.719,2026-06-30T00:49:58.863146,2026-06-30,2026-06-29,2026-06,production_user,aarke,아르케 (Aarke),POST,/skill/faq,kakao_unified_skill,bd8cda8cb862999d,실린더충전 접수,실린더충전 접수,8,false,0,,,,,common,,,[],false
322,2026-06-30T10:21:49.19,2026-06-30T10:21:49.842161,2026-06-30,2026-06-29,2026-06,deployment_test,aarke,아르케 (Aarke),POST,/skill/aarke/faq,kakao_skill,,실린더충전 접수,실린더충전 접수,8,true,220,aarke-refill-cylinder-purchase,충전 실린더는 어떻게 구매하나요?,cylinder,실린더/리필,common,,,[],false
323,2026-06-30T10:21:49.788,2026-06-30T10:21:50.311913,2026-06-30,2026-06-29,2026-06,deployment_test,aarke,아르케 (Aarke),POST,/skill/aarke/faq,kakao_skill,,실린덜 충전 접수,실린덜 충전 접수,9,true,220,aarke-refill-cylinder-purchase,충전 실린더는 어떻게 구매하나요?,cylinder,실린더/리필,common,,실린더 충전 접수,"[{""type"":""fuzzy"",""score"":0.8888888888888888,""margin"":0.5555555555555555,""original"":""실린덜"",""corrected"":""실린더""}]",false
324,2026-06-30T10:21:50.488,2026-06-30T10:21:51.101362,2026-06-30,2026-06-29,2026-06,deployment_test,aarke,아르케 (Aarke),POST,/skill/aarke/faq,kakao_skill,,구입했는데 장품등록을 어떻게 하나오,구입했는데 장품등록을 어떻게 하나오,19,true,158,aarke-product-registration,제품등록은 어디서 하나요?,support,AS/보증/등록,common,,구입했는데 제품등록을 어떻게 하나요,"[{""type"":""alias"",""score"":1,""original"":""장품등록"",""corrected"":""제품등록""},{""type"":""alias"",""score"":1,""original"":""하나오"",""corrected"":""하나요""}]",false
325,2026-06-30T10:21:51.16,2026-06-30T10:21:51.681966,2026-06-30,2026-06-29,2026-06,deployment_test,litter-robot,리터로봇 (Litter-Robot),POST,/skill/litter-robot/faq,kakao_skill,,파란불 다섯칸 깜빡임,파란불 다섯칸 깜빡임,11,true,366,litter-robot-파란색-5-칸-깜빡,파란색 5칸 깜빡,light_errors,라이트바 / 오류 표시,common,,파란색 5칸 깜빡,"[{""type"":""alias"",""score"":1,""original"":""파란불"",""corrected"":""파란색""},{""type"":""alias"",""score"":1,""original"":""다섯칸"",""corrected"":""5칸""},{""type"":""alias"",""score"":1,""original"":""깜빡임"",""corrected"":""깜빡""}]",false
