period_type,period_start_kst,period_end_kst,brand,total_requests,matched_requests,unmatched_requests,match_rate_pct,unique_users,sessions,faq_end_proxy_sessions,faq_end_proxy_rate_pct,explicit_handoff_observed_sessions,typo_corrected_requests,test_requests_excluded,metric_caveat
day,2026-05-20,2026-05-20,ALL,15,12,3,80,2,2,2,100,0,0,true,FAQ 종료 추정은 실제 해결률·상담 억제율이 아님
day,2026-05-20,2026-05-20,laurastar,15,12,3,80,2,2,2,100,0,0,true,FAQ 종료 추정은 실제 해결률·상담 억제율이 아님
day,2026-05-21,2026-05-21,ALL,26,21,5,80.8,3,5,4,80,0,0,true,FAQ 종료 추정은 실제 해결률·상담 억제율이 아님
day,2026-05-21,2026-05-21,laurastar,26,21,5,80.8,3,5,4,80,0,0,true,FAQ 종료 추정은 실제 해결률·상담 억제율이 아님
day,2026-05-22,2026-05-22,ALL,17,9,8,52.9,2,2,2,100,0,0,true,FAQ 종료 추정은 실제 해결률·상담 억제율이 아님
day,2026-05-22,2026-05-22,laurastar,17,9,8,52.9,2,2,2,100,0,0,true,FAQ 종료 추정은 실제 해결률·상담 억제율이 아님
day,2026-05-23,2026-05-23,ALL,6,2,4,33.3,3,3,2,66.7,0,0,true,FAQ 종료 추정은 실제 해결률·상담 억제율이 아님
day,2026-05-23,2026-05-23,laurastar,6,2,4,33.3,3,3,2,66.7,0,0,true,FAQ 종료 추정은 실제 해결률·상담 억제율이 아님
day,2026-05-24,2026-05-24,ALL,4,2,2,50,1,1,1,100,0,0,true,FAQ 종료 추정은 실제 해결률·상담 억제율이 아님
day,2026-05-24,2026-05-24,laurastar,4,2,2,50,1,1,1,100,0,0,true,FAQ 종료 추정은 실제 해결률·상담 억제율이 아님
day,2026-05-26,2026-05-26,ALL,7,3,4,42.9,2,2,1,50,0,0,true,FAQ 종료 추정은 실제 해결률·상담 억제율이 아님
day,2026-05-26,2026-05-26,laurastar,6,3,3,50,2,1,0,0,0,0,true,FAQ 종료 추정은 실제 해결률·상담 억제율이 아님
day,2026-05-26,2026-05-26,woods,1,0,1,0,1,1,1,100,0,0,true,FAQ 종료 추정은 실제 해결률·상담 억제율이 아님
day,2026-05-27,2026-05-27,ALL,6,3,3,50,3,3,1,33.3,0,0,true,FAQ 종료 추정은 실제 해결률·상담 억제율이 아님
day,2026-05-27,2026-05-27,woods,6,3,3,50,3,3,1,33.3,0,0,true,FAQ 종료 추정은 실제 해결률·상담 억제율이 아님
day,2026-05-28,2026-05-28,ALL,18,10,8,55.6,6,6,4,66.7,0,0,true,FAQ 종료 추정은 실제 해결률·상담 억제율이 아님
day,2026-05-28,2026-05-28,laurastar,5,2,3,40,3,3,2,66.7,0,0,true,FAQ 종료 추정은 실제 해결률·상담 억제율이 아님
day,2026-05-28,2026-05-28,woods,13,8,5,61.5,4,3,2,66.7,0,0,true,FAQ 종료 추정은 실제 해결률·상담 억제율이 아님
day,2026-05-29,2026-05-29,ALL,1,1,0,100,1,1,1,100,0,0,true,FAQ 종료 추정은 실제 해결률·상담 억제율이 아님
day,2026-05-29,2026-05-29,laurastar,1,1,0,100,1,1,1,100,0,0,true,FAQ 종료 추정은 실제 해결률·상담 억제율이 아님
day,2026-05-30,2026-05-30,ALL,13,9,4,69.2,1,1,1,100,0,0,true,FAQ 종료 추정은 실제 해결률·상담 억제율이 아님
day,2026-05-30,2026-05-30,laurastar,13,9,4,69.2,1,1,1,100,0,0,true,FAQ 종료 추정은 실제 해결률·상담 억제율이 아님
day,2026-06-01,2026-06-01,ALL,3,2,1,66.7,3,3,2,66.7,0,0,true,FAQ 종료 추정은 실제 해결률·상담 억제율이 아님
day,2026-06-01,2026-06-01,woods,2,1,1,50,2,2,1,50,0,0,true,FAQ 종료 추정은 실제 해결률·상담 억제율이 아님
day,2026-06-01,2026-06-01,laurastar,1,1,0,100,1,1,1,100,0,0,true,FAQ 종료 추정은 실제 해결률·상담 억제율이 아님
day,2026-06-02,2026-06-02,ALL,68,49,19,72.1,10,13,9,69.2,0,0,true,FAQ 종료 추정은 실제 해결률·상담 억제율이 아님
day,2026-06-02,2026-06-02,woods,46,38,8,82.6,5,5,4,80,0,0,true,FAQ 종료 추정은 실제 해결률·상담 억제율이 아님
day,2026-06-02,2026-06-02,laurastar,22,11,11,50,7,8,5,62.5,0,0,true,FAQ 종료 추정은 실제 해결률·상담 억제율이 아님
day,2026-06-03,2026-06-03,ALL,2,0,2,0,1,1,0,0,0,0,true,FAQ 종료 추정은 실제 해결률·상담 억제율이 아님
day,2026-06-03,2026-06-03,woods,2,0,2,0,1,1,0,0,0,0,true,FAQ 종료 추정은 실제 해결률·상담 억제율이 아님
day,2026-06-04,2026-06-04,ALL,5,2,3,40,3,3,1,33.3,0,0,true,FAQ 종료 추정은 실제 해결률·상담 억제율이 아님
day,2026-06-04,2026-06-04,woods,2,0,2,0,2,2,0,0,0,0,true,FAQ 종료 추정은 실제 해결률·상담 억제율이 아님
day,2026-06-04,2026-06-04,laurastar,3,2,1,66.7,1,1,1,100,0,0,true,FAQ 종료 추정은 실제 해결률·상담 억제율이 아님
day,2026-06-07,2026-06-07,ALL,2,0,2,0,2,2,0,0,0,0,true,FAQ 종료 추정은 실제 해결률·상담 억제율이 아님
day,2026-06-07,2026-06-07,laurastar,2,0,2,0,2,2,0,0,0,0,true,FAQ 종료 추정은 실제 해결률·상담 억제율이 아님
day,2026-06-08,2026-06-08,ALL,3,2,1,66.7,1,1,1,100,0,0,true,FAQ 종료 추정은 실제 해결률·상담 억제율이 아님
day,2026-06-08,2026-06-08,laurastar,3,2,1,66.7,1,1,1,100,0,0,true,FAQ 종료 추정은 실제 해결률·상담 억제율이 아님
day,2026-06-09,2026-06-09,ALL,7,4,3,57.1,4,4,3,75,0,0,true,FAQ 종료 추정은 실제 해결률·상담 억제율이 아님
day,2026-06-09,2026-06-09,laurastar,5,2,3,40,2,2,1,50,0,0,true,FAQ 종료 추정은 실제 해결률·상담 억제율이 아님
day,2026-06-09,2026-06-09,woods,2,2,0,100,2,2,2,100,0,0,true,FAQ 종료 추정은 실제 해결률·상담 억제율이 아님
day,2026-06-10,2026-06-10,ALL,4,3,1,75,3,3,2,66.7,0,0,true,FAQ 종료 추정은 실제 해결률·상담 억제율이 아님
day,2026-06-10,2026-06-10,woods,2,2,0,100,1,1,1,100,0,0,true,FAQ 종료 추정은 실제 해결률·상담 억제율이 아님
day,2026-06-10,2026-06-10,laurastar,2,1,1,50,2,2,1,50,0,0,true,FAQ 종료 추정은 실제 해결률·상담 억제율이 아님
day,2026-06-11,2026-06-11,ALL,1,0,1,0,1,1,0,0,0,0,true,FAQ 종료 추정은 실제 해결률·상담 억제율이 아님
day,2026-06-11,2026-06-11,woods,1,0,1,0,1,1,0,0,0,0,true,FAQ 종료 추정은 실제 해결률·상담 억제율이 아님
day,2026-06-12,2026-06-12,ALL,3,3,0,100,3,3,3,100,0,0,true,FAQ 종료 추정은 실제 해결률·상담 억제율이 아님
day,2026-06-12,2026-06-12,laurastar,1,1,0,100,1,1,1,100,0,0,true,FAQ 종료 추정은 실제 해결률·상담 억제율이 아님
day,2026-06-12,2026-06-12,woods,2,2,0,100,2,2,2,100,0,0,true,FAQ 종료 추정은 실제 해결률·상담 억제율이 아님
day,2026-06-13,2026-06-13,ALL,6,3,3,50,2,2,1,50,0,0,true,FAQ 종료 추정은 실제 해결률·상담 억제율이 아님
day,2026-06-13,2026-06-13,laurastar,6,3,3,50,2,2,1,50,0,0,true,FAQ 종료 추정은 실제 해결률·상담 억제율이 아님
day,2026-06-14,2026-06-14,ALL,2,1,1,50,2,2,1,50,0,0,true,FAQ 종료 추정은 실제 해결률·상담 억제율이 아님
day,2026-06-14,2026-06-14,laurastar,1,1,0,100,1,1,1,100,0,0,true,FAQ 종료 추정은 실제 해결률·상담 억제율이 아님
day,2026-06-14,2026-06-14,woods,1,0,1,0,1,1,0,0,0,0,true,FAQ 종료 추정은 실제 해결률·상담 억제율이 아님
day,2026-06-15,2026-06-15,ALL,2,0,2,0,1,1,0,0,0,0,true,FAQ 종료 추정은 실제 해결률·상담 억제율이 아님
day,2026-06-15,2026-06-15,laurastar,2,0,2,0,1,1,0,0,0,0,true,FAQ 종료 추정은 실제 해결률·상담 억제율이 아님
day,2026-06-17,2026-06-17,ALL,4,2,2,50,2,2,1,50,0,0,true,FAQ 종료 추정은 실제 해결률·상담 억제율이 아님
day,2026-06-17,2026-06-17,laurastar,4,2,2,50,2,2,1,50,0,0,true,FAQ 종료 추정은 실제 해결률·상담 억제율이 아님
day,2026-06-18,2026-06-18,ALL,7,6,1,85.7,2,2,1,50,0,0,true,FAQ 종료 추정은 실제 해결률·상담 억제율이 아님
day,2026-06-18,2026-06-18,aarke,6,5,1,83.3,1,1,0,0,0,0,true,FAQ 종료 추정은 실제 해결률·상담 억제율이 아님
day,2026-06-18,2026-06-18,laurastar,1,1,0,100,1,1,1,100,0,0,true,FAQ 종료 추정은 실제 해결률·상담 억제율이 아님
day,2026-06-19,2026-06-19,ALL,2,0,2,0,1,1,0,0,0,0,true,FAQ 종료 추정은 실제 해결률·상담 억제율이 아님
day,2026-06-19,2026-06-19,laurastar,2,0,2,0,1,1,0,0,0,0,true,FAQ 종료 추정은 실제 해결률·상담 억제율이 아님
day,2026-06-20,2026-06-20,ALL,1,1,0,100,1,1,1,100,0,0,true,FAQ 종료 추정은 실제 해결률·상담 억제율이 아님
day,2026-06-20,2026-06-20,aarke,1,1,0,100,1,1,1,100,0,0,true,FAQ 종료 추정은 실제 해결률·상담 억제율이 아님
day,2026-06-21,2026-06-21,ALL,7,4,3,57.1,2,2,1,50,0,0,true,FAQ 종료 추정은 실제 해결률·상담 억제율이 아님
day,2026-06-21,2026-06-21,laurastar,7,4,3,57.1,2,2,1,50,0,0,true,FAQ 종료 추정은 실제 해결률·상담 억제율이 아님
day,2026-06-22,2026-06-22,ALL,1,0,1,0,1,1,0,0,0,0,true,FAQ 종료 추정은 실제 해결률·상담 억제율이 아님
day,2026-06-22,2026-06-22,woods,1,0,1,0,1,1,0,0,0,0,true,FAQ 종료 추정은 실제 해결률·상담 억제율이 아님
day,2026-06-23,2026-06-23,ALL,1,0,1,0,1,1,0,0,0,0,true,FAQ 종료 추정은 실제 해결률·상담 억제율이 아님
day,2026-06-23,2026-06-23,laurastar,1,0,1,0,1,1,0,0,0,0,true,FAQ 종료 추정은 실제 해결률·상담 억제율이 아님
day,2026-06-24,2026-06-24,ALL,7,6,1,85.7,2,3,3,100,0,0,true,FAQ 종료 추정은 실제 해결률·상담 억제율이 아님
day,2026-06-24,2026-06-24,aarke,7,6,1,85.7,2,3,3,100,0,0,true,FAQ 종료 추정은 실제 해결률·상담 억제율이 아님
day,2026-06-25,2026-06-25,ALL,3,0,3,0,1,2,0,0,0,0,true,FAQ 종료 추정은 실제 해결률·상담 억제율이 아님
day,2026-06-25,2026-06-25,laurastar,3,0,3,0,1,2,0,0,0,0,true,FAQ 종료 추정은 실제 해결률·상담 억제율이 아님
day,2026-06-26,2026-06-26,ALL,6,3,3,50,4,5,2,40,0,0,true,FAQ 종료 추정은 실제 해결률·상담 억제율이 아님
day,2026-06-26,2026-06-26,woods,2,1,1,50,2,2,1,50,0,0,true,FAQ 종료 추정은 실제 해결률·상담 억제율이 아님
day,2026-06-26,2026-06-26,laurastar,4,2,2,50,2,3,1,33.3,0,0,true,FAQ 종료 추정은 실제 해결률·상담 억제율이 아님
day,2026-06-27,2026-06-27,ALL,1,1,0,100,1,1,1,100,0,0,true,FAQ 종료 추정은 실제 해결률·상담 억제율이 아님
day,2026-06-27,2026-06-27,laurastar,1,1,0,100,1,1,1,100,0,0,true,FAQ 종료 추정은 실제 해결률·상담 억제율이 아님
day,2026-06-28,2026-06-28,ALL,1,0,1,0,1,1,0,0,0,0,true,FAQ 종료 추정은 실제 해결률·상담 억제율이 아님
day,2026-06-28,2026-06-28,aarke,1,0,1,0,1,1,0,0,0,0,true,FAQ 종료 추정은 실제 해결률·상담 억제율이 아님
day,2026-06-29,2026-06-29,ALL,17,11,6,64.7,5,6,4,66.7,0,0,true,FAQ 종료 추정은 실제 해결률·상담 억제율이 아님
day,2026-06-29,2026-06-29,laurastar,5,2,3,40,3,3,1,33.3,0,0,true,FAQ 종료 추정은 실제 해결률·상담 억제율이 아님
day,2026-06-29,2026-06-29,aarke,10,7,3,70,1,1,1,100,0,0,true,FAQ 종료 추정은 실제 해결률·상담 억제율이 아님
day,2026-06-29,2026-06-29,litter-robot,2,2,0,100,1,2,2,100,0,0,true,FAQ 종료 추정은 실제 해결률·상담 억제율이 아님
day,2026-06-30,2026-06-30,ALL,1,0,1,0,1,1,0,0,0,0,true,FAQ 종료 추정은 실제 해결률·상담 억제율이 아님
day,2026-06-30,2026-06-30,aarke,1,0,1,0,1,1,0,0,0,0,true,FAQ 종료 추정은 실제 해결률·상담 억제율이 아님
week,2026-05-18,2026-05-24,ALL,68,46,22,67.6,10,13,11,84.6,0,0,true,FAQ 종료 추정은 실제 해결률·상담 억제율이 아님
week,2026-05-18,2026-05-24,laurastar,68,46,22,67.6,10,13,11,84.6,0,0,true,FAQ 종료 추정은 실제 해결률·상담 억제율이 아님
week,2026-05-25,2026-05-31,ALL,45,26,19,57.8,11,13,8,61.5,0,0,true,FAQ 종료 추정은 실제 해결률·상담 억제율이 아님
week,2026-05-25,2026-05-31,laurastar,25,15,10,60,6,6,4,66.7,0,0,true,FAQ 종료 추정은 실제 해결률·상담 억제율이 아님
week,2026-05-25,2026-05-31,woods,20,11,9,55,6,7,4,57.1,0,0,true,FAQ 종료 추정은 실제 해결률·상담 억제율이 아님
week,2026-06-01,2026-06-07,ALL,80,53,27,66.3,18,22,12,54.5,0,0,true,FAQ 종료 추정은 실제 해결률·상담 억제율이 아님
week,2026-06-01,2026-06-07,woods,52,39,13,75,9,10,5,50,0,0,true,FAQ 종료 추정은 실제 해결률·상담 억제율이 아님
week,2026-06-01,2026-06-07,laurastar,28,14,14,50,11,12,7,58.3,0,0,true,FAQ 종료 추정은 실제 해결률·상담 억제율이 아님
week,2026-06-08,2026-06-14,ALL,26,16,10,61.5,16,16,11,68.8,0,0,true,FAQ 종료 추정은 실제 해결률·상담 억제율이 아님
week,2026-06-08,2026-06-14,laurastar,18,10,8,55.6,9,9,6,66.7,0,0,true,FAQ 종료 추정은 실제 해결률·상담 억제율이 아님
week,2026-06-08,2026-06-14,woods,8,6,2,75,7,7,5,71.4,0,0,true,FAQ 종료 추정은 실제 해결률·상담 억제율이 아님
week,2026-06-15,2026-06-21,ALL,23,13,10,56.5,9,9,4,44.4,0,0,true,FAQ 종료 추정은 실제 해결률·상담 억제율이 아님
week,2026-06-15,2026-06-21,laurastar,16,7,9,43.8,7,7,3,42.9,0,0,true,FAQ 종료 추정은 실제 해결률·상담 억제율이 아님
week,2026-06-15,2026-06-21,aarke,7,6,1,85.7,2,2,1,50,0,0,true,FAQ 종료 추정은 실제 해결률·상담 억제율이 아님
week,2026-06-22,2026-06-28,ALL,20,10,10,50,11,14,6,42.9,0,0,true,FAQ 종료 추정은 실제 해결률·상담 억제율이 아님
week,2026-06-22,2026-06-28,woods,3,1,2,33.3,3,3,1,33.3,0,0,true,FAQ 종료 추정은 실제 해결률·상담 억제율이 아님
week,2026-06-22,2026-06-28,laurastar,9,3,6,33.3,5,7,2,28.6,0,0,true,FAQ 종료 추정은 실제 해결률·상담 억제율이 아님
week,2026-06-22,2026-06-28,aarke,8,6,2,75,3,4,3,75,0,0,true,FAQ 종료 추정은 실제 해결률·상담 억제율이 아님
week,2026-06-29,2026-07-05,ALL,18,11,7,61.1,6,7,4,57.1,0,0,true,FAQ 종료 추정은 실제 해결률·상담 억제율이 아님
week,2026-06-29,2026-07-05,laurastar,5,2,3,40,3,3,1,33.3,0,0,true,FAQ 종료 추정은 실제 해결률·상담 억제율이 아님
week,2026-06-29,2026-07-05,aarke,11,7,4,63.6,2,2,1,50,0,0,true,FAQ 종료 추정은 실제 해결률·상담 억제율이 아님
week,2026-06-29,2026-07-05,litter-robot,2,2,0,100,1,2,2,100,0,0,true,FAQ 종료 추정은 실제 해결률·상담 억제율이 아님
month,2026-05,2026-05-31,ALL,113,72,41,63.7,20,26,19,73.1,0,0,true,FAQ 종료 추정은 실제 해결률·상담 억제율이 아님
month,2026-05,2026-05-31,laurastar,93,61,32,65.6,15,19,15,78.9,0,0,true,FAQ 종료 추정은 실제 해결률·상담 억제율이 아님
month,2026-05,2026-05-31,woods,20,11,9,55,6,7,4,57.1,0,0,true,FAQ 종료 추정은 실제 해결률·상담 억제율이 아님
month,2026-06,2026-06-30,ALL,167,103,64,61.7,57,68,37,54.4,0,0,true,FAQ 종료 추정은 실제 해결률·상담 억제율이 아님
month,2026-06,2026-06-30,woods,63,46,17,73,19,20,11,55,0,0,true,FAQ 종료 추정은 실제 해결률·상담 억제율이 아님
month,2026-06,2026-06-30,laurastar,76,36,40,47.4,34,38,19,50,0,0,true,FAQ 종료 추정은 실제 해결률·상담 억제율이 아님
month,2026-06,2026-06-30,aarke,26,19,7,73.1,7,8,5,62.5,0,0,true,FAQ 종료 추정은 실제 해결률·상담 억제율이 아님
month,2026-06,2026-06-30,litter-robot,2,2,0,100,1,2,2,100,0,0,true,FAQ 종료 추정은 실제 해결률·상담 억제율이 아님
