session_id,user_hash,session_start_kst,session_end_kst,date_kst,week_start_kst,month_kst,brand,request_count,matched_count,unmatched_count,first_query,last_query,final_matched,final_faq_id,explicit_handoff_observed,one_turn_matched_end_proxy,faq_end_proxy,duration_minutes,interpretation_limit
S0001,6d24b5f673800df6,2026-05-20T22:17:36.044,2026-05-20T22:28:34.302,2026-05-20,2026-05-18,2026-05,laurastar,13,11,2,모델문의,AS 수거와 검수 기간은 얼마나 걸리나요?,true,as-pickup-time,false,false,true,11,FAQ 종료 추정은 해결 완료 또는 상담 미연결을 증명하지 않음
S0002,4cf18fa48c23c6b2,2026-05-20T22:53:11.124,2026-05-20T22:53:11.124,2026-05-20,2026-05-18,2026-05,laurastar,1,1,0,불량이 의심되면 바로 AS 접수해야 하나요?,불량이 의심되면 바로 AS 접수해야 하나요?,true,as-before-check,false,true,true,0,FAQ 종료 추정은 해결 완료 또는 상담 미연결을 증명하지 않음
S0003,6d24b5f673800df6,2026-05-21T00:16:45.771,2026-05-21T00:25:47.971,2026-05-21,2026-05-18,2026-05,laurastar,18,16,2,IGGI AS는 어떻게 진행되나요?,IZZI/Lift 필터 교체 주기는 어떻게 되나요?,true,izzi-lift-filter-replacement,false,false,true,9,FAQ 종료 추정은 해결 완료 또는 상담 미연결을 증명하지 않음
S0004,6d24b5f673800df6,2026-05-21T08:08:31.459,2026-05-21T08:16:19.629,2026-05-21,2026-05-18,2026-05,laurastar,5,2,3,안녕하세요,공식 상담메뉴,false,,false,false,false,7.8,FAQ 종료 추정은 해결 완료 또는 상담 미연결을 증명하지 않음
S0005,714fc30295d38271,2026-05-21T09:53:13.549,2026-05-21T09:53:13.549,2026-05-21,2026-05-18,2026-05,laurastar,1,1,0,제품비교,제품비교,true,lift-model-differences,false,true,true,0,FAQ 종료 추정은 해결 완료 또는 상담 미연결을 증명하지 않음
S0006,714fc30295d38271,2026-05-21T12:16:29.556,2026-05-21T12:16:29.556,2026-05-21,2026-05-18,2026-05,laurastar,1,1,0,사용 설명서,사용 설명서,true,common-manual-video,false,true,true,0,FAQ 종료 추정은 해결 완료 또는 상담 미연결을 증명하지 않음
S0007,fe40a64955aeccca,2026-05-21T21:19:03.812,2026-05-21T21:19:03.812,2026-05-21,2026-05-18,2026-05,laurastar,1,1,0,"안녕하세요. 네이버스토어에 문의 남겼는데 사진을 보내달라고 하셔서요. 
잇지 플러스 사용중이고 패브릭가드가 스티머 헤드에 결착이 안되고 계속 빠집니다. 서피스 가드는 좀 꾹 눌러야 하기는 하지만 고정은 되는데 패브릭가드는 아예 결착이 안되네요. 헤드의 문제인지 가드의 문제인지 모르겠는데 조치방법을 안내해 주세요.","안녕하세요. 네이버스토어에 문의 남겼는데 사진을 보내달라고 하셔서요. 
잇지 플러스 사용중이고 패브릭가드가 스티머 헤드에 결착이 안되고 계속 빠집니다. 서피스 가드는 좀 꾹 눌러야 하기는 하지만 고정은 되는데 패브릭가드는 아예 결착이 안되네요. 헤드의 문제인지 가드의 문제인지 모르겠는데 조치방법을 안내해 주세요.",true,izzi-vs-izzi-plus,false,true,true,0,FAQ 종료 추정은 해결 완료 또는 상담 미연결을 증명하지 않음
S0008,1c530678e34536fd,2026-05-22T16:00:57.434,2026-05-22T16:10:09.955,2026-05-22,2026-05-18,2026-05,laurastar,13,6,7,팬이 돌다가 멈춰요,스마트 필터교체 기간,true,smart-water-not-moving,false,false,true,9.2,FAQ 종료 추정은 해결 완료 또는 상담 미연결을 증명하지 않음
S0009,9ea7dd864069ce76,2026-05-22T16:01:11.854,2026-05-22T16:01:40.482,2026-05-22,2026-05-18,2026-05,laurastar,4,3,1,물 부족,"Smart I, Smart M, Smart U 차이가 무엇인가요?",true,smart-model-differences,false,false,true,0.5,FAQ 종료 추정은 해결 완료 또는 상담 미연결을 증명하지 않음
S0010,01ab51657c592c32,2026-05-23T02:40:54.019,2026-05-23T02:40:54.019,2026-05-23,2026-05-18,2026-05,laurastar,1,1,0,사용중  뜨거운 물방울이 떨어져요 왜그럴까요??,사용중  뜨거운 물방울이 떨어져요 왜그럴까요??,true,common-first-water-drop,false,true,true,0,FAQ 종료 추정은 해결 완료 또는 상담 미연결을 증명하지 않음
S0011,9f1c2b6bc3075d40,2026-05-23T08:39:00.09,2026-05-23T08:39:25.755,2026-05-23,2026-05-18,2026-05,laurastar,2,1,1,물통분실구매,iggi 급수물통 구매,true,iggi-parts-price,false,false,true,0.4,FAQ 종료 추정은 해결 완료 또는 상담 미연결을 증명하지 않음
S0012,88ef6990438397ed,2026-05-23T23:42:57.403,2026-05-23T23:44:19.049,2026-05-23,2026-05-18,2026-05,laurastar,3,0,3,롯데 본점에도 매장이 있어?,매장 좀 알려줘,false,,false,false,false,1.4,FAQ 종료 추정은 해결 완료 또는 상담 미연결을 증명하지 않음
S0013,c2784221dedaca25,2026-05-24T04:09:23.65,2026-05-24T04:10:27.995,2026-05-24,2026-05-18,2026-05,laurastar,4,2,2,제품사용중인데 최근들어 다림질이 거의 안되서 연락드려요,https://talk.kakaocdn.net/dna/ubWVD/dJMcbaXSMw9/xruiTS4ocuYRvQkp9xt92X/i_e8dd1fe695bd.jpg?credential=zf3biCPbmWRjbqf40YGePFLewdou7TIK&expires=1874203827&signature=IWFs%2F1nVZltoUJs8Jp35FtRGrXk%3D,true,smart-model-differences,false,false,true,1.1,FAQ 종료 추정은 해결 완료 또는 상담 미연결을 증명하지 않음
S0014,9f1c2b6bc3075d40,2026-05-26T02:48:58.444,2026-05-26T02:54:17.13,2026-05-26,2026-05-25,2026-05,laurastar,2,0,2,따로 구매는 하지못하는거일까요? 제품 사용을 하지못하고잇어서요,감사합니다~ :),false,,false,false,false,5.3,FAQ 종료 추정은 해결 완료 또는 상담 미연결을 증명하지 않음
S0015,629ec2d7c9814dbc,2026-05-26T20:32:39.317,2026-05-26T20:40:47.47,2026-05-26,2026-05-25,2026-05,woods,5,3,2,안녕하세요,AS 수거와 검수 기간은 얼마나 걸리나요?,true,as-pickup-time,false,false,true,8.1,FAQ 종료 추정은 해결 완료 또는 상담 미연결을 증명하지 않음
S0016,629ec2d7c9814dbc,2026-05-27T09:11:20.076,2026-05-27T09:11:23.167,2026-05-27,2026-05-25,2026-05,woods,2,1,1,,안녕하세요,true,base-greeting,false,false,true,0.1,FAQ 종료 추정은 해결 완료 또는 상담 미연결을 증명하지 않음
S0017,61b49f8be408f215,2026-05-27T10:08:29.076,2026-05-27T10:08:29.076,2026-05-27,2026-05-25,2026-05,woods,1,0,1,문의,문의,false,,false,false,false,0,FAQ 종료 추정은 해결 완료 또는 상담 미연결을 증명하지 않음
S0018,22c63e5c3574ec51,2026-05-27T13:37:20.699,2026-05-27T13:38:09.971,2026-05-27,2026-05-25,2026-05,woods,3,2,1,공구로방금 현금구매를했는데 필터는 같이 못해서 따로구매가힘들까요. 취소하고 구매가힘들것같아서요,공구가로요 별주부님 인스타로구매했어요,false,,false,false,false,0.8,FAQ 종료 추정은 해결 완료 또는 상담 미연결을 증명하지 않음
S0019,2e575529e6bc0a33,2026-05-28T03:42:20.49,2026-05-28T03:42:30.126,2026-05-28,2026-05-25,2026-05,laurastar,2,1,1,다리미판은 따로 배송 되나요?,정품 등록은 어디서 하나요?,true,common-product-registration,false,false,true,0.2,FAQ 종료 추정은 해결 완료 또는 상담 미연결을 증명하지 않음
S0020,bf1c6ba77c9f462d,2026-05-28T10:08:33.408,2026-05-28T10:08:33.408,2026-05-28,2026-05-25,2026-05,woods,1,0,1,안녕하세요. 주문번호2026052677850731 관련해서 문의드립니다.,안녕하세요. 주문번호2026052677850731 관련해서 문의드립니다.,false,,false,false,false,0,FAQ 종료 추정은 해결 완료 또는 상담 미연결을 증명하지 않음
S0021,bf42aee9f86547c9,2026-05-28T11:19:14.942,2026-05-28T11:24:36.866,2026-05-28,2026-05-25,2026-05,woods,6,3,3,,AS접수는 어디에서 하나요?,true,woods-AS접수는-어디에서-하나요,false,false,true,5.4,FAQ 종료 추정은 해결 완료 또는 상담 미연결을 증명하지 않음
S0022,629ec2d7c9814dbc,2026-05-28T11:28:08.892,2026-05-28T11:29:06.409,2026-05-28,2026-05-25,2026-05,laurastar,7,5,2,.,SW42FW 모델별 스펙 이미지를 볼 수 있나요?,true,woods-모델별-스펙-이미지,false,false,true,1,FAQ 종료 추정은 해결 완료 또는 상담 미연결을 증명하지 않음
S0023,0aa8747fb467b81c,2026-05-28T15:00:12.615,2026-05-28T15:00:12.615,2026-05-28,2026-05-25,2026-05,laurastar,1,0,1,as 문의,as 문의,false,,false,false,false,0,FAQ 종료 추정은 해결 완료 또는 상담 미연결을 증명하지 않음
S0024,9f112389a2242e57,2026-05-28T17:21:54.848,2026-05-28T17:21:54.848,2026-05-28,2026-05-25,2026-05,woods,1,1,0,https://talk.kakaocdn.net/dna/cpiPLk/dJMcbgKzP2u/vkGOiyNM3qJ3qsLBxqeD9q/talkv_high.mp4?credential=zf3biCPbmWRjbqf40YGePFLewdou7TIK&expires=1874471101&signature=UIT%2B%2B5zWdwwt%2B%2BhsX%2FXZsbuQoAY%3D,https://talk.kakaocdn.net/dna/cpiPLk/dJMcbgKzP2u/vkGOiyNM3qJ3qsLBxqeD9q/talkv_high.mp4?credential=zf3biCPbmWRjbqf40YGePFLewdou7TIK&expires=1874471101&signature=UIT%2B%2B5zWdwwt%2B%2BhsX%2FXZsbuQoAY%3D,true,woods-사용-모드별로-어떻게-다른가요,false,true,true,0,FAQ 종료 추정은 해결 완료 또는 상담 미연결을 증명하지 않음
S0025,18d38a601918e0a5,2026-05-29T13:59:27.8,2026-05-29T13:59:27.8,2026-05-29,2026-05-25,2026-05,laurastar,1,1,0,스팀이 안나와요,스팀이 안나와요,true,lift-no-steam-noisy-water-light,false,true,true,0,FAQ 종료 추정은 해결 완료 또는 상담 미연결을 증명하지 않음
S0026,2d895f2372993858,2026-05-30T16:57:34.863,2026-05-30T17:17:25.202,2026-05-30,2026-05-25,2026-05,laurastar,13,9,4,스팀으로 다림질했는데 원단이 쪼그라들었어요,사용 설명서,true,common-manual-video,false,false,true,19.8,FAQ 종료 추정은 해결 완료 또는 상담 미연결을 증명하지 않음
S0027,3695d75866ea581c,2026-06-01T11:41:09.635,2026-06-01T11:41:09.635,2026-06-01,2026-06-01,2026-06,woods,1,0,1,제품문의 상담,제품문의 상담,false,,false,false,false,0,FAQ 종료 추정은 해결 완료 또는 상담 미연결을 증명하지 않음
S0028,dbd26f58c6a7aa96,2026-06-01T12:11:41.215,2026-06-01T12:11:41.215,2026-06-01,2026-06-01,2026-06,laurastar,1,1,0,https://talk.kakaocdn.net/dna/dbjFon/dJMcaExYh01/RV3XLBZQcfstNfNlTEJ0OO/i_36c97ff4880c.png?credential=zf3biCPbmWRjbqf40YGePFLewdou7TIK&expires=1874891500&signature=oGrBTn5Z9iXPXx5cI1e%2FT27MApk%3D,https://talk.kakaocdn.net/dna/dbjFon/dJMcaExYh01/RV3XLBZQcfstNfNlTEJ0OO/i_36c97ff4880c.png?credential=zf3biCPbmWRjbqf40YGePFLewdou7TIK&expires=1874891500&signature=oGrBTn5Z9iXPXx5cI1e%2FT27MApk%3D,true,smart-model-differences,false,true,true,0,FAQ 종료 추정은 해결 완료 또는 상담 미연결을 증명하지 않음
S0029,086bc0d42e3d1691,2026-06-01T19:59:27.598,2026-06-01T19:59:27.598,2026-06-01,2026-06-01,2026-06,woods,1,1,0,제습기,제습기,true,woods-저온제습기란-무엇인가요,false,true,true,0,FAQ 종료 추정은 해결 완료 또는 상담 미연결을 증명하지 않음
S0030,73450680ba0b96a6,2026-06-02T10:07:29.676,2026-06-02T10:08:06.237,2026-06-02,2026-06-01,2026-06,woods,2,2,0,제습기,필터는 어디에서 구매하나요?,true,woods-필터는-어디에서-구매하나요,false,false,true,0.6,FAQ 종료 추정은 해결 완료 또는 상담 미연결을 증명하지 않음
S0031,d27091c1fa3b2ba8,2026-06-02T10:21:27.299,2026-06-02T10:26:03.84,2026-06-02,2026-06-01,2026-06,woods,10,6,4,,SW22FW 작동이 안돼요,true,woods-작동이-안돼요,false,false,true,4.6,FAQ 종료 추정은 해결 완료 또는 상담 미연결을 증명하지 않음
S0032,b021ee4a63d7f299,2026-06-02T13:09:28.669,2026-06-02T13:18:59.89,2026-06-02,2026-06-01,2026-06,woods,12,11,1,,WCD4PRO 어떤 필터를 사용하나요?,true,woods-어떤-필터를-사용하나요,false,false,true,9.5,FAQ 종료 추정은 해결 완료 또는 상담 미연결을 증명하지 않음
S0033,749c693e200c8df6,2026-06-02T13:30:03.78,2026-06-02T13:31:40.265,2026-06-02,2026-06-01,2026-06,laurastar,2,2,0,로라스타 리프트와 리프트 엑스트라 차이점 알려주세요,"Lift , lift Xtra중 고민하고 있습니다. 보통 가정집에사 가장 많이 사용하는 모델이 어떤건가요",true,lift-model-differences,false,false,true,1.6,FAQ 종료 추정은 해결 완료 또는 상담 미연결을 증명하지 않음
S0034,f1d6be3caadd3ee9,2026-06-02T13:34:14.962,2026-06-02T13:34:27.397,2026-06-02,2026-06-01,2026-06,laurastar,2,2,0,코드 선이 자동으로 들어가지 않아요,사용 설명서,true,common-manual-video,false,false,true,0.2,FAQ 종료 추정은 해결 완료 또는 상담 미연결을 증명하지 않음
S0035,091fa071d308c010,2026-06-02T14:04:05.918,2026-06-02T14:04:05.918,2026-06-02,2026-06-01,2026-06,laurastar,1,1,0,로라스타 핸디스티머 미기 스팀 살균 의류관리기를 사용하고 있는데 급수 넣는 부분이 열리지가 않아서 A/S하려고 합니다,로라스타 핸디스티머 미기 스팀 살균 의류관리기를 사용하고 있는데 급수 넣는 부분이 열리지가 않아서 A/S하려고 합니다,true,iggi-cap-stuck,false,true,true,0,FAQ 종료 추정은 해결 완료 또는 상담 미연결을 증명하지 않음
S0036,00c5e381b724ff8f,2026-06-02T14:43:37.793,2026-06-02T14:48:41.578,2026-06-02,2026-06-01,2026-06,woods,18,16,2,소음,필터 교체,false,,false,false,false,5.1,FAQ 종료 추정은 해결 완료 또는 상담 미연결을 증명하지 않음
S0037,d27091c1fa3b2ba8,2026-06-02T14:45:02.715,2026-06-02T14:48:35.952,2026-06-02,2026-06-01,2026-06,laurastar,4,2,2,,물샘증상,false,,false,false,false,3.6,FAQ 종료 추정은 해결 완료 또는 상담 미연결을 증명하지 않음
S0038,b021ee4a63d7f299,2026-06-02T14:49:20.149,2026-06-02T14:51:50.239,2026-06-02,2026-06-01,2026-06,laurastar,9,3,6,,다리미판불량,false,,false,false,false,2.5,FAQ 종료 추정은 해결 완료 또는 상담 미연결을 증명하지 않음
S0039,d27091c1fa3b2ba8,2026-06-02T15:21:09.664,2026-06-02T15:23:58.408,2026-06-02,2026-06-01,2026-06,laurastar,5,2,3,스팀분사,SW30FW PRO 소음이 커요,true,woods-소음이-커요,false,false,true,2.8,FAQ 종료 추정은 해결 완료 또는 상담 미연결을 증명하지 않음
S0040,5a7fcada280e0fa4,2026-06-02T15:43:33.178,2026-06-02T15:43:33.178,2026-06-02,2026-06-01,2026-06,laurastar,1,0,1,스마트사용중인데 녹물이나와요,스마트사용중인데 녹물이나와요,false,,false,false,false,0,FAQ 종료 추정은 해결 완료 또는 상담 미연결을 증명하지 않음
S0041,eb7da19d811fbcc3,2026-06-02T17:59:43.184,2026-06-02T17:59:43.184,2026-06-02,2026-06-01,2026-06,woods,1,1,0,안녕하세요 ! 저희 프롬졸리 채널에서 우즈 제습기 공구 진행하고싶어서 연락드렸습니다 ! 공구 담당자님 연결가능할까요?,안녕하세요 ! 저희 프롬졸리 채널에서 우즈 제습기 공구 진행하고싶어서 연락드렸습니다 ! 공구 담당자님 연결가능할까요?,true,woods-저온제습기란-무엇인가요,false,true,true,0,FAQ 종료 추정은 해결 완료 또는 상담 미연결을 증명하지 않음
S0042,06ee150abb59b832,2026-06-02T19:15:29.343,2026-06-02T19:15:29.343,2026-06-02,2026-06-01,2026-06,laurastar,1,1,0,다리미판커버 어디서 구입가능한가요?,다리미판커버 어디서 구입가능한가요?,true,board-cover-compatibility,false,true,true,0,FAQ 종료 추정은 해결 완료 또는 상담 미연결을 증명하지 않음
S0043,ed894e5ebf8617a1,2026-06-03T16:30:46.732,2026-06-03T16:58:53.758,2026-06-03,2026-06-01,2026-06,woods,2,0,2,네 확인되면 꼭 알려주세요~~,"제습기 제품등록을 하려고 하는데
주소창에 주소를 입력할수 없습니다",false,,false,false,false,28.1,FAQ 종료 추정은 해결 완료 또는 상담 미연결을 증명하지 않음
S0044,ed894e5ebf8617a1,2026-06-04T10:19:20.194,2026-06-04T10:19:20.194,2026-06-04,2026-06-01,2026-06,woods,1,0,1,넵,넵,false,,false,false,false,0,FAQ 종료 추정은 해결 완료 또는 상담 미연결을 증명하지 않음
S0045,6231a540446acf59,2026-06-04T10:23:48.594,2026-06-04T10:23:48.594,2026-06-04,2026-06-01,2026-06,woods,1,0,1,"30평대 구입,사용중인데 작동되다가 수시로 꺼지던데 왜그런가요?","30평대 구입,사용중인데 작동되다가 수시로 꺼지던데 왜그런가요?",false,,false,false,false,0,FAQ 종료 추정은 해결 완료 또는 상담 미연결을 증명하지 않음
S0046,741c8bf86b14c249,2026-06-04T14:24:14.412,2026-06-04T14:24:50.331,2026-06-04,2026-06-01,2026-06,laurastar,3,2,1,핸디스티머 스팀다리미 as 접수하려고 하는데 이쪽으로 영상 보내달라고 하셔서 영상 보내드립니다,https://talk.kakaocdn.net/dna/bH9czk/dJMca0gJj94/gKODokq1HftJT8DTGuxWFK/i_41eb3891b7d1.jpeg?credential=zf3biCPbmWRjbqf40YGePFLewdou7TIK&expires=1875158689&signature=asJgIjihPFTS%2FVLwDdHttqtBRDU%3D,true,smart-model-differences,false,false,true,0.6,FAQ 종료 추정은 해결 완료 또는 상담 미연결을 증명하지 않음
S0047,8ebda7ddf7afca5e,2026-06-07T13:17:02.349,2026-06-07T13:17:02.349,2026-06-07,2026-06-01,2026-06,laurastar,1,0,1,as 관련문의,as 관련문의,false,,false,false,false,0,FAQ 종료 추정은 해결 완료 또는 상담 미연결을 증명하지 않음
S0048,407a6e87b552ed2e,2026-06-07T18:17:32.295,2026-06-07T18:17:32.295,2026-06-07,2026-06-01,2026-06,laurastar,1,0,1,"안녕하세요
분당 AK 백화점 팝업 계획이 있을까요?","안녕하세요
분당 AK 백화점 팝업 계획이 있을까요?",false,,false,false,false,0,FAQ 종료 추정은 해결 완료 또는 상담 미연결을 증명하지 않음
S0049,0a405e10e40adf0d,2026-06-08T19:17:18.394,2026-06-08T19:17:52.916,2026-06-08,2026-06-08,2026-06,laurastar,3,2,1,다리미판 분리방법 동영상,시스템 다리미판만 AS 보낼 때 어떻게 하나요?,true,as-board-only-packing,false,false,true,0.6,FAQ 종료 추정은 해결 완료 또는 상담 미연결을 증명하지 않음
S0050,fb2c9e3ef8610a0c,2026-06-09T13:21:08.568,2026-06-09T13:42:00.921,2026-06-09,2026-06-08,2026-06,laurastar,4,2,2,문의,IGGI 사용 후 마개는 어떻게 보관하나요?,true,iggi-cap-storage,false,false,true,20.9,FAQ 종료 추정은 해결 완료 또는 상담 미연결을 증명하지 않음
S0051,f9847578607a4f29,2026-06-09T14:39:18.102,2026-06-09T14:39:18.102,2026-06-09,2026-06-08,2026-06,woods,1,1,0,제습기 교환 문의 드려요,제습기 교환 문의 드려요,true,woods-저온제습기란-무엇인가요,false,true,true,0,FAQ 종료 추정은 해결 완료 또는 상담 미연결을 증명하지 않음
S0052,93995dd5afdae455,2026-06-09T16:01:41.672,2026-06-09T16:01:41.672,2026-06-09,2026-06-08,2026-06,woods,1,1,0,https://talk.kakaocdn.net/dna/crR1eO/dJMcbeTz7qD/kkRWJoqixRBW02Y5JsmZFJ/i_2b7c82f04497.jpeg?credential=zf3biCPbmWRjbqf40YGePFLewdou7TIK&expires=1875596481&signature=TAbtKOtiP2f6UO8EHwE9QDTJEwM%3D,https://talk.kakaocdn.net/dna/crR1eO/dJMcbeTz7qD/kkRWJoqixRBW02Y5JsmZFJ/i_2b7c82f04497.jpeg?credential=zf3biCPbmWRjbqf40YGePFLewdou7TIK&expires=1875596481&signature=TAbtKOtiP2f6UO8EHwE9QDTJEwM%3D,true,woods-사용-모드별로-어떻게-다른가요,false,true,true,0,FAQ 종료 추정은 해결 완료 또는 상담 미연결을 증명하지 않음
S0053,c336c0ecb6fd6203,2026-06-09T17:54:17.046,2026-06-09T17:54:17.046,2026-06-09,2026-06-08,2026-06,laurastar,1,0,1,입금자명 오예슬 입니다,입금자명 오예슬 입니다,false,,false,false,false,0,FAQ 종료 추정은 해결 완료 또는 상담 미연결을 증명하지 않음
S0054,aa69ab34b7b33ce7,2026-06-10T09:23:50.379,2026-06-10T09:24:12.399,2026-06-10,2026-06-08,2026-06,woods,2,2,0,https://talk.kakaocdn.net/dna/bQk9qW/dJMca3LjXYW/YjX3N07FrLTHZaIkDVVxrM/i_667677553e72.jpg?credential=zf3biCPbmWRjbqf40YGePFLewdou7TIK&expires=1875658984&signature=%2FCwf1CAuZy%2BPAXY6GQOev22Otok%3D,SW22FW 사용 모드별로 어떻게 다른가요?,true,woods-사용-모드별로-어떻게-다른가요,false,false,true,0.4,FAQ 종료 추정은 해결 완료 또는 상담 미연결을 증명하지 않음
S0055,26b02dd8d8a27acf,2026-06-10T11:34:35.566,2026-06-10T11:34:35.566,2026-06-10,2026-06-08,2026-06,laurastar,1,0,1,"어제 배송 받았는데
부품이 하나 없습니다","어제 배송 받았는데
부품이 하나 없습니다",false,,false,false,false,0,FAQ 종료 추정은 해결 완료 또는 상담 미연결을 증명하지 않음
S0056,14f85a56694d0246,2026-06-10T13:37:54.049,2026-06-10T13:37:54.049,2026-06-10,2026-06-08,2026-06,laurastar,1,1,0,스팀이 안나와요,스팀이 안나와요,true,lift-no-steam-noisy-water-light,false,true,true,0,FAQ 종료 추정은 해결 완료 또는 상담 미연결을 증명하지 않음
S0057,c57398d9ae399f2d,2026-06-11T09:28:34.219,2026-06-11T09:28:34.219,2026-06-11,2026-06-08,2026-06,woods,1,0,1,네이버q&a로 문의했었습니다 동영상 촬영해서 보내드려요,네이버q&a로 문의했었습니다 동영상 촬영해서 보내드려요,false,,false,false,false,0,FAQ 종료 추정은 해결 완료 또는 상담 미연결을 증명하지 않음
S0058,12c41f028b85d631,2026-06-12T13:49:21.404,2026-06-12T13:49:21.404,2026-06-12,2026-06-08,2026-06,laurastar,1,1,0,스마트m 다리미 위에 뚜껑 구매,스마트m 다리미 위에 뚜껑 구매,true,smart-model-differences,false,true,true,0,FAQ 종료 추정은 해결 완료 또는 상담 미연결을 증명하지 않음
S0059,c71d486205775e4e,2026-06-12T18:17:42.957,2026-06-12T18:17:42.957,2026-06-12,2026-06-08,2026-06,woods,1,1,0,안녕하세여,안녕하세여,true,base-greeting,false,true,true,0,FAQ 종료 추정은 해결 완료 또는 상담 미연결을 증명하지 않음
S0060,188dfc43d7b79322,2026-06-12T22:57:23.061,2026-06-12T22:57:23.061,2026-06-12,2026-06-08,2026-06,woods,1,1,0,"제습기 문의드립니다 지난주 수요일에 배송왔을때 제품 모서리가 벌어져있어서 교환요청했고 오늘 배송이 다시 왔는데요
30분 지나면 작동이 꺼지네요
제습 불은 들어와있는데 팬이 안돌아갑니다
소리도 커서 제습량 2단계 팬 1단계로 해놨고
제습 중간 단계레
팬 1단계로 했는데 또 팬이 안돌아가네요","제습기 문의드립니다 지난주 수요일에 배송왔을때 제품 모서리가 벌어져있어서 교환요청했고 오늘 배송이 다시 왔는데요
30분 지나면 작동이 꺼지네요
제습 불은 들어와있는데 팬이 안돌아갑니다
소리도 커서 제습량 2단계 팬 1단계로 해놨고
제습 중간 단계레
팬 1단계로 했는데 또 팬이 안돌아가네요",true,woods-사용-모드별로-어떻게-다른가요,false,true,true,0,FAQ 종료 추정은 해결 완료 또는 상담 미연결을 증명하지 않음
S0061,c0942263acf8a8a8,2026-06-13T11:38:53.082,2026-06-13T11:38:53.082,2026-06-13,2026-06-08,2026-06,laurastar,1,0,1,물 표시가 빨갛게 계속 깜빡입니다,물 표시가 빨갛게 계속 깜빡입니다,false,,false,false,false,0,FAQ 종료 추정은 해결 완료 또는 상담 미연결을 증명하지 않음
S0062,b2c9ab4bf947b833,2026-06-13T18:58:23.078,2026-06-13T18:59:33.717,2026-06-13,2026-06-08,2026-06,laurastar,5,3,2,핸드스티머 이기 사용후 다시 쓸려고 하니까 뚜껑이 안열리네요 혹 열수있는 방법이 있나요???,사용 설명서,true,common-manual-video,false,false,true,1.2,FAQ 종료 추정은 해결 완료 또는 상담 미연결을 증명하지 않음
S0063,6631afbc0b927246,2026-06-14T06:50:40.471,2026-06-14T06:50:40.471,2026-06-14,2026-06-08,2026-06,laurastar,1,1,0,이기 사용중인데 오랜만에 연결했더니 스팀분사가 안되요. 물통에 물을 좀 오래 놔둬서 그런지 물때같은게 뚜껑근처에보여요. 해결방법있을까요??,이기 사용중인데 오랜만에 연결했더니 스팀분사가 안되요. 물통에 물을 좀 오래 놔둬서 그런지 물때같은게 뚜껑근처에보여요. 해결방법있을까요??,true,iggi-parts-price,false,true,true,0,FAQ 종료 추정은 해결 완료 또는 상담 미연결을 증명하지 않음
S0064,a63f3b9dcde49282,2026-06-14T17:22:29.087,2026-06-14T17:22:29.087,2026-06-14,2026-06-08,2026-06,woods,1,0,1,아직 물받이통에 제습을 안해서 물도없는데 램프색이 빨간색으로 뜨는데요 우즈 가정용이고 구입하고 첫 사용이예요,아직 물받이통에 제습을 안해서 물도없는데 램프색이 빨간색으로 뜨는데요 우즈 가정용이고 구입하고 첫 사용이예요,false,,false,false,false,0,FAQ 종료 추정은 해결 완료 또는 상담 미연결을 증명하지 않음
S0065,5a4f300b9c6768f1,2026-06-15T12:53:54.341,2026-06-15T12:54:27.145,2026-06-15,2026-06-15,2026-06,laurastar,2,0,2,As어떻게 합니까,as진행하고 싶습니다,false,,false,false,false,0.5,FAQ 종료 추정은 해결 완료 또는 상담 미연결을 증명하지 않음
S0066,4cfc8e1e0e0cf636,2026-06-17T09:48:24.958,2026-06-17T09:48:37.308,2026-06-17,2026-06-15,2026-06,laurastar,2,0,2,FAQ,나사가 안왔어요,false,,false,false,false,0.2,FAQ 종료 추정은 해결 완료 또는 상담 미연결을 증명하지 않음
S0067,8ebda7ddf7afca5e,2026-06-17T23:06:47.864,2026-06-17T23:07:25.272,2026-06-17,2026-06-15,2026-06,laurastar,2,2,0,"안녕하세요
리와인더 불량 관련하여 AS 받았는데 집에서 사용해보니 똑같은 현상이 있습니다.
리와인더 코드 사용하는 방법이 따로 있는건가요??",빨간선까지 당기지 않았는데 락이 걸렸는지 코드가 안들어갑니다,true,smart-water-not-moving,false,false,true,0.6,FAQ 종료 추정은 해결 완료 또는 상담 미연결을 증명하지 않음
S0068,629ec2d7c9814dbc,2026-06-18T08:59:33.056,2026-06-18T09:00:09.841,2026-06-18,2026-06-15,2026-06,aarke,6,5,1,안녕,고마워,false,,false,false,false,0.6,FAQ 종료 추정은 해결 완료 또는 상담 미연결을 증명하지 않음
S0069,ea546fb7f17e2e30,2026-06-18T11:49:47.695,2026-06-18T11:49:47.695,2026-06-18,2026-06-15,2026-06,laurastar,1,1,0,"안녕하세요 
BOSS IZZI 신세계 강남점에서 구매했었는데요
물통이 깨져서 재주문 하려 합니다.
이곳으로 문자 하면 되나요?","안녕하세요 
BOSS IZZI 신세계 강남점에서 구매했었는데요
물통이 깨져서 재주문 하려 합니다.
이곳으로 문자 하면 되나요?",true,izzi-boss-edition,false,true,true,0,FAQ 종료 추정은 해결 완료 또는 상담 미연결을 증명하지 않음
S0070,7b3e6fe3918eed95,2026-06-19T16:07:52.255,2026-06-19T16:08:13.438,2026-06-19,2026-06-15,2026-06,laurastar,2,0,2,불량건,스팀 카트 불량 빨리 처리해주새요,false,,false,false,false,0.4,FAQ 종료 추정은 해결 완료 또는 상담 미연결을 증명하지 않음
S0071,c406ec89af7efa39,2026-06-20T11:24:07.393,2026-06-20T11:24:07.393,2026-06-20,2026-06-15,2026-06,aarke,1,1,0,3를구매했는데 6월 10일에 했눈데 실린더를 벌써 다쓸수도 있나요?,3를구매했는데 6월 10일에 했눈데 실린더를 벌써 다쓸수도 있나요?,true,aarke-refill-cylinder-purchase,false,true,true,0,FAQ 종료 추정은 해결 완료 또는 상담 미연결을 증명하지 않음
S0072,fa41f62ad105009f,2026-06-21T13:04:24.596,2026-06-21T13:04:24.596,2026-06-21,2026-06-15,2026-06,laurastar,1,0,1,As신청 어떻게 하나요,As신청 어떻게 하나요,false,,false,false,false,0,FAQ 종료 추정은 해결 완료 또는 상담 미연결을 증명하지 않음
S0073,30553d0c4fa5e0f8,2026-06-21T18:47:49.265,2026-06-21T18:55:04.97,2026-06-21,2026-06-15,2026-06,laurastar,6,4,2,https://talk.kakaocdn.net/dna/A30Hm/dJMcbgqnx7Y/33JupAmaSvhSAMbjoU6uKs/i_8a847443055d.jpeg?credential=zf3biCPbmWRjbqf40YGePFLewdou7TIK&expires=1876643268&signature=d80ynpcll5UOL6VMtRJwHV0uWm0%3D,필터를 새걸로 교환 하고 해도 안 되고 필터를 빼고 해도 안 됩니다,true,exchange-model-change,false,false,true,7.3,FAQ 종료 추정은 해결 완료 또는 상담 미연결을 증명하지 않음
S0074,0fcf6aec691618e3,2026-06-22T13:08:17.148,2026-06-22T13:08:17.148,2026-06-22,2026-06-22,2026-06,woods,1,0,1,제습기 회수도 늦고 회수 된 이후로도 왜 이렇게 진행이 느린지? 연락부탁합니다,제습기 회수도 늦고 회수 된 이후로도 왜 이렇게 진행이 느린지? 연락부탁합니다,false,,false,false,false,0,FAQ 종료 추정은 해결 완료 또는 상담 미연결을 증명하지 않음
S0075,1ca233f140b7bfb8,2026-06-23T14:41:54.547,2026-06-23T14:41:54.547,2026-06-23,2026-06-22,2026-06,laurastar,1,0,1,입금했습니다,입금했습니다,false,,false,false,false,0,FAQ 종료 추정은 해결 완료 또는 상담 미연결을 증명하지 않음
S0076,852bda0698089504,2026-06-24T09:22:19.344,2026-06-24T09:22:19.344,2026-06-24,2026-06-22,2026-06,aarke,1,1,0,처음 버튼을 누르면 탄산소리가 틀리게 들리고 두번째는 제대로 작동하는것 같은데 왜그런지요.  처음 제품을 받았을때 탄산누르는 버튼이 삐뚤게 좀 올라와 있던데 정상제품인지요,처음 버튼을 누르면 탄산소리가 틀리게 들리고 두번째는 제대로 작동하는것 같은데 왜그런지요.  처음 제품을 받았을때 탄산누르는 버튼이 삐뚤게 좀 올라와 있던데 정상제품인지요,true,aarke-gas-button-no-response,false,true,true,0,FAQ 종료 추정은 해결 완료 또는 상담 미연결을 증명하지 않음
S0077,852bda0698089504,2026-06-24T09:58:02.788,2026-06-24T09:58:02.788,2026-06-24,2026-06-22,2026-06,aarke,1,1,0,탄산을 넣을 때 소리가 크게 나는데 고장인가요?,탄산을 넣을 때 소리가 크게 나는데 고장인가요?,true,aarke-carbonation-sound-normal,false,true,true,0,FAQ 종료 추정은 해결 완료 또는 상담 미연결을 증명하지 않음
S0078,e83d20743cf407c7,2026-06-24T13:54:27.486,2026-06-24T14:09:01.994,2026-06-24,2026-06-22,2026-06,aarke,5,4,1,구입했는데 장품등록을 어떻게 하나오,가스 주입 후 받침 아래에 물이 고여있던데 정상인가요,true,aarke-gas-button-no-response,false,false,true,14.6,FAQ 종료 추정은 해결 완료 또는 상담 미연결을 증명하지 않음
S0079,64e36cf65d1c4930,2026-06-25T12:31:43.822,2026-06-25T12:32:00.136,2026-06-25,2026-06-22,2026-06,laurastar,2,0,2,"안녕하세요 
24년 11월에 구입하여
작년 10월 as를 받았습니다 
그런데 같은 문제가 발생해서요
어제 스팀이 안나오다가 사용을 중단하고 오늘 전원을 켰는데 깜박거리기만합니다
As 부탁드립니다",수돗물요,false,,false,false,false,0.3,FAQ 종료 추정은 해결 완료 또는 상담 미연결을 증명하지 않음
S0080,64e36cf65d1c4930,2026-06-25T13:53:33.698,2026-06-25T13:53:33.698,2026-06-25,2026-06-22,2026-06,laurastar,1,0,1,"안녕하세요 
꼼꼼하게 청소하고 나니 작동됩니다
수고하세요 ~^^","안녕하세요 
꼼꼼하게 청소하고 나니 작동됩니다
수고하세요 ~^^",false,,false,false,false,0,FAQ 종료 추정은 해결 완료 또는 상담 미연결을 증명하지 않음
S0081,08c6e0ebfcdcb6cd,2026-06-26T14:14:10.337,2026-06-26T14:14:10.337,2026-06-26,2026-06-22,2026-06,woods,1,0,1,ㅁ에ㅔ,ㅁ에ㅔ,false,,false,false,false,0,FAQ 종료 추정은 해결 완료 또는 상담 미연결을 증명하지 않음
S0082,163f6a72ff9d6cb2,2026-06-26T16:30:51.826,2026-06-26T16:30:51.826,2026-06-26,2026-06-22,2026-06,laurastar,1,1,0,"사우스시티점 입니다
고객님 as건 매장에서 어제 파주로 보냈어요
온라인접수한상태
김혜연고객  010 7294 4547
박스안에 고객 연락처 누락했어요
챙겨봐주세요(초기불량건)","사우스시티점 입니다
고객님 as건 매장에서 어제 파주로 보냈어요
온라인접수한상태
김혜연고객  010 7294 4547
박스안에 고객 연락처 누락했어요
챙겨봐주세요(초기불량건)",true,as-before-check,false,true,true,0,FAQ 종료 추정은 해결 완료 또는 상담 미연결을 증명하지 않음
S0083,4b2bb721242e6a2f,2026-06-26T17:00:07.214,2026-06-26T17:00:07.214,2026-06-26,2026-06-22,2026-06,woods,1,1,0,안녕하세요,안녕하세요,true,base-greeting,false,true,true,0,FAQ 종료 추정은 해결 완료 또는 상담 미연결을 증명하지 않음
S0084,ef40e5cb1067857d,2026-06-26T17:05:20.42,2026-06-26T17:05:57.876,2026-06-26,2026-06-22,2026-06,laurastar,2,1,1,https://talk.kakaocdn.net/dna/do38Jk/dJMca9EOcum/VFwmVLKbj6I2KUmD2tItwH/talkv_high.mp4?credential=zf3biCPbmWRjbqf40YGePFLewdou7TIK&expires=1877069120&signature=SzAdOcI%2BUExdO2XC8Ywi7vfP8Jk%3D,물을 다시 다 뺏다 넣어도 보고. 물통에 부래 움직임도 다 확인해서 이상없는거 확인했는데.. 계속 물부족불 들어온다네요..,false,,false,false,false,0.6,FAQ 종료 추정은 해결 완료 또는 상담 미연결을 증명하지 않음
S0085,ef40e5cb1067857d,2026-06-26T18:30:03.318,2026-06-26T18:30:03.318,2026-06-26,2026-06-22,2026-06,laurastar,1,0,1,네~ 주말 잘보내세요~:),네~ 주말 잘보내세요~:),false,,false,false,false,0,FAQ 종료 추정은 해결 완료 또는 상담 미연결을 증명하지 않음
S0086,3c3090d8f6d59e1a,2026-06-27T14:46:18.672,2026-06-27T14:46:18.672,2026-06-27,2026-06-22,2026-06,laurastar,1,1,0,필터 교체해도 알람이 깜박이고 스팀이 나오지않아요,필터 교체해도 알람이 깜박이고 스팀이 나오지않아요,true,izzi-lift-filter-replacement,false,true,true,0,FAQ 종료 추정은 해결 완료 또는 상담 미연결을 증명하지 않음
S0087,d5fc7c457378dc56,2026-06-28T20:06:43.03,2026-06-28T20:06:43.03,2026-06-28,2026-06-22,2026-06,aarke,1,0,1,가스리필 신청합니다.,가스리필 신청합니다.,false,,false,false,false,0,FAQ 종료 추정은 해결 완료 또는 상담 미연결을 증명하지 않음
S0088,9cbb35102ece4817,2026-06-29T11:08:43.637,2026-06-29T11:11:56.102,2026-06-29,2026-06-29,2026-06,laurastar,2,1,1,안녕하세요 as문의 드립니다,https://talk.kakaocdn.net/dna/bFDVN7/dJMcaGCHZFB/JdGKMHP1jkWCULrKi7YeLo/talkv_high.mp4?credential=zf3biCPbmWRjbqf40YGePFLewdou7TIK&expires=1877307115&signature=u0ZY33%2FM5oDAvy37sMhL1YDQ8bY%3D,true,smart-model-differences,false,false,true,3.2,FAQ 종료 추정은 해결 완료 또는 상담 미연결을 증명하지 않음
S0089,d27091c1fa3b2ba8,2026-06-29T14:09:46.251,2026-06-29T14:12:15.865,2026-06-29,2026-06-29,2026-06,aarke,10,7,3,,프로랑 3 차이점,true,aarke-carbonator3-vs-pro,false,false,true,2.5,FAQ 종료 추정은 해결 완료 또는 상담 미연결을 증명하지 않음
S0090,cb82afd4361bc48d,2026-06-29T14:40:58.776,2026-06-29T14:41:17.6,2026-06-29,2026-06-29,2026-06,laurastar,2,1,1,https://talk.kakaocdn.net/dna/MiOSf/dJMca5oVVgm/0F0rCUCU5v3wYm1gy9kxpJ/i_2fecb0b83424.jpg?credential=zf3biCPbmWRjbqf40YGePFLewdou7TIK&expires=1877319658&signature=sp%2B0DmrHi5LZ%2FxTwTcB91SqaNiI%3D,물나오는 부분이,false,,false,false,false,0.3,FAQ 종료 추정은 해결 완료 또는 상담 미연결을 증명하지 않음
S0091,ee9636e82000664a,2026-06-29T15:06:00.259,2026-06-29T15:06:00.259,2026-06-29,2026-06-29,2026-06,laurastar,1,0,1,.,.,false,,false,false,false,0,FAQ 종료 추정은 해결 완료 또는 상담 미연결을 증명하지 않음
S0092,629ec2d7c9814dbc,2026-06-29T19:09:11.658,2026-06-29T19:09:11.658,2026-06-29,2026-06-29,2026-06,litter-robot,1,1,0,안녕하세요,안녕하세요,true,base-greeting,false,true,true,0,FAQ 종료 추정은 해결 완료 또는 상담 미연결을 증명하지 않음
S0093,629ec2d7c9814dbc,2026-06-29T22:25:25.504,2026-06-29T22:25:25.504,2026-06-29,2026-06-29,2026-06,litter-robot,1,1,0,와이파이 연결이 안돼요,와이파이 연결이 안돼요,true,litter-robot-와이파이-연결이-안돼요,false,true,true,0,FAQ 종료 추정은 해결 완료 또는 상담 미연결을 증명하지 않음
S0094,bd8cda8cb862999d,2026-06-30T00:49:58.719,2026-06-30T00:49:58.719,2026-06-30,2026-06-29,2026-06,aarke,1,0,1,실린더충전 접수,실린더충전 접수,false,,false,false,false,0,FAQ 종료 추정은 해결 완료 또는 상담 미연결을 증명하지 않음
