period_type,period_start_kst,period_end_kst,metric,value,unit
day,2026-05-20,2026-05-20,total_requests,15,count
day,2026-05-20,2026-05-20,matched_requests,12,count
day,2026-05-20,2026-05-20,unmatched_requests,3,count
day,2026-05-20,2026-05-20,match_rate_pct,80,percent
day,2026-05-20,2026-05-20,faq_end_proxy_rate_pct,100,percent
day,2026-05-21,2026-05-21,total_requests,26,count
day,2026-05-21,2026-05-21,matched_requests,21,count
day,2026-05-21,2026-05-21,unmatched_requests,5,count
day,2026-05-21,2026-05-21,match_rate_pct,80.8,percent
day,2026-05-21,2026-05-21,faq_end_proxy_rate_pct,80,percent
day,2026-05-22,2026-05-22,total_requests,17,count
day,2026-05-22,2026-05-22,matched_requests,9,count
day,2026-05-22,2026-05-22,unmatched_requests,8,count
day,2026-05-22,2026-05-22,match_rate_pct,52.9,percent
day,2026-05-22,2026-05-22,faq_end_proxy_rate_pct,100,percent
day,2026-05-23,2026-05-23,total_requests,6,count
day,2026-05-23,2026-05-23,matched_requests,2,count
day,2026-05-23,2026-05-23,unmatched_requests,4,count
day,2026-05-23,2026-05-23,match_rate_pct,33.3,percent
day,2026-05-23,2026-05-23,faq_end_proxy_rate_pct,66.7,percent
day,2026-05-24,2026-05-24,total_requests,4,count
day,2026-05-24,2026-05-24,matched_requests,2,count
day,2026-05-24,2026-05-24,unmatched_requests,2,count
day,2026-05-24,2026-05-24,match_rate_pct,50,percent
day,2026-05-24,2026-05-24,faq_end_proxy_rate_pct,100,percent
day,2026-05-26,2026-05-26,total_requests,7,count
day,2026-05-26,2026-05-26,matched_requests,3,count
day,2026-05-26,2026-05-26,unmatched_requests,4,count
day,2026-05-26,2026-05-26,match_rate_pct,42.9,percent
day,2026-05-26,2026-05-26,faq_end_proxy_rate_pct,50,percent
day,2026-05-27,2026-05-27,total_requests,6,count
day,2026-05-27,2026-05-27,matched_requests,3,count
day,2026-05-27,2026-05-27,unmatched_requests,3,count
day,2026-05-27,2026-05-27,match_rate_pct,50,percent
day,2026-05-27,2026-05-27,faq_end_proxy_rate_pct,33.3,percent
day,2026-05-28,2026-05-28,total_requests,18,count
day,2026-05-28,2026-05-28,matched_requests,10,count
day,2026-05-28,2026-05-28,unmatched_requests,8,count
day,2026-05-28,2026-05-28,match_rate_pct,55.6,percent
day,2026-05-28,2026-05-28,faq_end_proxy_rate_pct,66.7,percent
day,2026-05-29,2026-05-29,total_requests,1,count
day,2026-05-29,2026-05-29,matched_requests,1,count
day,2026-05-29,2026-05-29,unmatched_requests,0,count
day,2026-05-29,2026-05-29,match_rate_pct,100,percent
day,2026-05-29,2026-05-29,faq_end_proxy_rate_pct,100,percent
day,2026-05-30,2026-05-30,total_requests,13,count
day,2026-05-30,2026-05-30,matched_requests,9,count
day,2026-05-30,2026-05-30,unmatched_requests,4,count
day,2026-05-30,2026-05-30,match_rate_pct,69.2,percent
day,2026-05-30,2026-05-30,faq_end_proxy_rate_pct,100,percent
day,2026-06-01,2026-06-01,total_requests,3,count
day,2026-06-01,2026-06-01,matched_requests,2,count
day,2026-06-01,2026-06-01,unmatched_requests,1,count
day,2026-06-01,2026-06-01,match_rate_pct,66.7,percent
day,2026-06-01,2026-06-01,faq_end_proxy_rate_pct,66.7,percent
day,2026-06-02,2026-06-02,total_requests,68,count
day,2026-06-02,2026-06-02,matched_requests,49,count
day,2026-06-02,2026-06-02,unmatched_requests,19,count
day,2026-06-02,2026-06-02,match_rate_pct,72.1,percent
day,2026-06-02,2026-06-02,faq_end_proxy_rate_pct,69.2,percent
day,2026-06-03,2026-06-03,total_requests,2,count
day,2026-06-03,2026-06-03,matched_requests,0,count
day,2026-06-03,2026-06-03,unmatched_requests,2,count
day,2026-06-03,2026-06-03,match_rate_pct,0,percent
day,2026-06-03,2026-06-03,faq_end_proxy_rate_pct,0,percent
day,2026-06-04,2026-06-04,total_requests,5,count
day,2026-06-04,2026-06-04,matched_requests,2,count
day,2026-06-04,2026-06-04,unmatched_requests,3,count
day,2026-06-04,2026-06-04,match_rate_pct,40,percent
day,2026-06-04,2026-06-04,faq_end_proxy_rate_pct,33.3,percent
day,2026-06-07,2026-06-07,total_requests,2,count
day,2026-06-07,2026-06-07,matched_requests,0,count
day,2026-06-07,2026-06-07,unmatched_requests,2,count
day,2026-06-07,2026-06-07,match_rate_pct,0,percent
day,2026-06-07,2026-06-07,faq_end_proxy_rate_pct,0,percent
day,2026-06-08,2026-06-08,total_requests,3,count
day,2026-06-08,2026-06-08,matched_requests,2,count
day,2026-06-08,2026-06-08,unmatched_requests,1,count
day,2026-06-08,2026-06-08,match_rate_pct,66.7,percent
day,2026-06-08,2026-06-08,faq_end_proxy_rate_pct,100,percent
day,2026-06-09,2026-06-09,total_requests,7,count
day,2026-06-09,2026-06-09,matched_requests,4,count
day,2026-06-09,2026-06-09,unmatched_requests,3,count
day,2026-06-09,2026-06-09,match_rate_pct,57.1,percent
day,2026-06-09,2026-06-09,faq_end_proxy_rate_pct,75,percent
day,2026-06-10,2026-06-10,total_requests,4,count
day,2026-06-10,2026-06-10,matched_requests,3,count
day,2026-06-10,2026-06-10,unmatched_requests,1,count
day,2026-06-10,2026-06-10,match_rate_pct,75,percent
day,2026-06-10,2026-06-10,faq_end_proxy_rate_pct,66.7,percent
day,2026-06-11,2026-06-11,total_requests,1,count
day,2026-06-11,2026-06-11,matched_requests,0,count
day,2026-06-11,2026-06-11,unmatched_requests,1,count
day,2026-06-11,2026-06-11,match_rate_pct,0,percent
day,2026-06-11,2026-06-11,faq_end_proxy_rate_pct,0,percent
day,2026-06-12,2026-06-12,total_requests,3,count
day,2026-06-12,2026-06-12,matched_requests,3,count
day,2026-06-12,2026-06-12,unmatched_requests,0,count
day,2026-06-12,2026-06-12,match_rate_pct,100,percent
day,2026-06-12,2026-06-12,faq_end_proxy_rate_pct,100,percent
day,2026-06-13,2026-06-13,total_requests,6,count
day,2026-06-13,2026-06-13,matched_requests,3,count
day,2026-06-13,2026-06-13,unmatched_requests,3,count
day,2026-06-13,2026-06-13,match_rate_pct,50,percent
day,2026-06-13,2026-06-13,faq_end_proxy_rate_pct,50,percent
day,2026-06-14,2026-06-14,total_requests,2,count
day,2026-06-14,2026-06-14,matched_requests,1,count
day,2026-06-14,2026-06-14,unmatched_requests,1,count
day,2026-06-14,2026-06-14,match_rate_pct,50,percent
day,2026-06-14,2026-06-14,faq_end_proxy_rate_pct,50,percent
day,2026-06-15,2026-06-15,total_requests,2,count
day,2026-06-15,2026-06-15,matched_requests,0,count
day,2026-06-15,2026-06-15,unmatched_requests,2,count
day,2026-06-15,2026-06-15,match_rate_pct,0,percent
day,2026-06-15,2026-06-15,faq_end_proxy_rate_pct,0,percent
day,2026-06-17,2026-06-17,total_requests,4,count
day,2026-06-17,2026-06-17,matched_requests,2,count
day,2026-06-17,2026-06-17,unmatched_requests,2,count
day,2026-06-17,2026-06-17,match_rate_pct,50,percent
day,2026-06-17,2026-06-17,faq_end_proxy_rate_pct,50,percent
day,2026-06-18,2026-06-18,total_requests,7,count
day,2026-06-18,2026-06-18,matched_requests,6,count
day,2026-06-18,2026-06-18,unmatched_requests,1,count
day,2026-06-18,2026-06-18,match_rate_pct,85.7,percent
day,2026-06-18,2026-06-18,faq_end_proxy_rate_pct,50,percent
day,2026-06-19,2026-06-19,total_requests,2,count
day,2026-06-19,2026-06-19,matched_requests,0,count
day,2026-06-19,2026-06-19,unmatched_requests,2,count
day,2026-06-19,2026-06-19,match_rate_pct,0,percent
day,2026-06-19,2026-06-19,faq_end_proxy_rate_pct,0,percent
day,2026-06-20,2026-06-20,total_requests,1,count
day,2026-06-20,2026-06-20,matched_requests,1,count
day,2026-06-20,2026-06-20,unmatched_requests,0,count
day,2026-06-20,2026-06-20,match_rate_pct,100,percent
day,2026-06-20,2026-06-20,faq_end_proxy_rate_pct,100,percent
day,2026-06-21,2026-06-21,total_requests,7,count
day,2026-06-21,2026-06-21,matched_requests,4,count
day,2026-06-21,2026-06-21,unmatched_requests,3,count
day,2026-06-21,2026-06-21,match_rate_pct,57.1,percent
day,2026-06-21,2026-06-21,faq_end_proxy_rate_pct,50,percent
day,2026-06-22,2026-06-22,total_requests,1,count
day,2026-06-22,2026-06-22,matched_requests,0,count
day,2026-06-22,2026-06-22,unmatched_requests,1,count
day,2026-06-22,2026-06-22,match_rate_pct,0,percent
day,2026-06-22,2026-06-22,faq_end_proxy_rate_pct,0,percent
day,2026-06-23,2026-06-23,total_requests,1,count
day,2026-06-23,2026-06-23,matched_requests,0,count
day,2026-06-23,2026-06-23,unmatched_requests,1,count
day,2026-06-23,2026-06-23,match_rate_pct,0,percent
day,2026-06-23,2026-06-23,faq_end_proxy_rate_pct,0,percent
day,2026-06-24,2026-06-24,total_requests,7,count
day,2026-06-24,2026-06-24,matched_requests,6,count
day,2026-06-24,2026-06-24,unmatched_requests,1,count
day,2026-06-24,2026-06-24,match_rate_pct,85.7,percent
day,2026-06-24,2026-06-24,faq_end_proxy_rate_pct,100,percent
day,2026-06-25,2026-06-25,total_requests,3,count
day,2026-06-25,2026-06-25,matched_requests,0,count
day,2026-06-25,2026-06-25,unmatched_requests,3,count
day,2026-06-25,2026-06-25,match_rate_pct,0,percent
day,2026-06-25,2026-06-25,faq_end_proxy_rate_pct,0,percent
day,2026-06-26,2026-06-26,total_requests,6,count
day,2026-06-26,2026-06-26,matched_requests,3,count
day,2026-06-26,2026-06-26,unmatched_requests,3,count
day,2026-06-26,2026-06-26,match_rate_pct,50,percent
day,2026-06-26,2026-06-26,faq_end_proxy_rate_pct,40,percent
day,2026-06-27,2026-06-27,total_requests,1,count
day,2026-06-27,2026-06-27,matched_requests,1,count
day,2026-06-27,2026-06-27,unmatched_requests,0,count
day,2026-06-27,2026-06-27,match_rate_pct,100,percent
day,2026-06-27,2026-06-27,faq_end_proxy_rate_pct,100,percent
day,2026-06-28,2026-06-28,total_requests,1,count
day,2026-06-28,2026-06-28,matched_requests,0,count
day,2026-06-28,2026-06-28,unmatched_requests,1,count
day,2026-06-28,2026-06-28,match_rate_pct,0,percent
day,2026-06-28,2026-06-28,faq_end_proxy_rate_pct,0,percent
day,2026-06-29,2026-06-29,total_requests,17,count
day,2026-06-29,2026-06-29,matched_requests,11,count
day,2026-06-29,2026-06-29,unmatched_requests,6,count
day,2026-06-29,2026-06-29,match_rate_pct,64.7,percent
day,2026-06-29,2026-06-29,faq_end_proxy_rate_pct,66.7,percent
day,2026-06-30,2026-06-30,total_requests,1,count
day,2026-06-30,2026-06-30,matched_requests,0,count
day,2026-06-30,2026-06-30,unmatched_requests,1,count
day,2026-06-30,2026-06-30,match_rate_pct,0,percent
day,2026-06-30,2026-06-30,faq_end_proxy_rate_pct,0,percent
week,2026-05-18,2026-05-24,total_requests,68,count
week,2026-05-18,2026-05-24,matched_requests,46,count
week,2026-05-18,2026-05-24,unmatched_requests,22,count
week,2026-05-18,2026-05-24,match_rate_pct,67.6,percent
week,2026-05-18,2026-05-24,faq_end_proxy_rate_pct,84.6,percent
week,2026-05-25,2026-05-31,total_requests,45,count
week,2026-05-25,2026-05-31,matched_requests,26,count
week,2026-05-25,2026-05-31,unmatched_requests,19,count
week,2026-05-25,2026-05-31,match_rate_pct,57.8,percent
week,2026-05-25,2026-05-31,faq_end_proxy_rate_pct,61.5,percent
week,2026-06-01,2026-06-07,total_requests,80,count
week,2026-06-01,2026-06-07,matched_requests,53,count
week,2026-06-01,2026-06-07,unmatched_requests,27,count
week,2026-06-01,2026-06-07,match_rate_pct,66.3,percent
week,2026-06-01,2026-06-07,faq_end_proxy_rate_pct,54.5,percent
week,2026-06-08,2026-06-14,total_requests,26,count
week,2026-06-08,2026-06-14,matched_requests,16,count
week,2026-06-08,2026-06-14,unmatched_requests,10,count
week,2026-06-08,2026-06-14,match_rate_pct,61.5,percent
week,2026-06-08,2026-06-14,faq_end_proxy_rate_pct,68.8,percent
week,2026-06-15,2026-06-21,total_requests,23,count
week,2026-06-15,2026-06-21,matched_requests,13,count
week,2026-06-15,2026-06-21,unmatched_requests,10,count
week,2026-06-15,2026-06-21,match_rate_pct,56.5,percent
week,2026-06-15,2026-06-21,faq_end_proxy_rate_pct,44.4,percent
week,2026-06-22,2026-06-28,total_requests,20,count
week,2026-06-22,2026-06-28,matched_requests,10,count
week,2026-06-22,2026-06-28,unmatched_requests,10,count
week,2026-06-22,2026-06-28,match_rate_pct,50,percent
week,2026-06-22,2026-06-28,faq_end_proxy_rate_pct,42.9,percent
week,2026-06-29,2026-07-05,total_requests,18,count
week,2026-06-29,2026-07-05,matched_requests,11,count
week,2026-06-29,2026-07-05,unmatched_requests,7,count
week,2026-06-29,2026-07-05,match_rate_pct,61.1,percent
week,2026-06-29,2026-07-05,faq_end_proxy_rate_pct,57.1,percent
month,2026-05,2026-05-31,total_requests,113,count
month,2026-05,2026-05-31,matched_requests,72,count
month,2026-05,2026-05-31,unmatched_requests,41,count
month,2026-05,2026-05-31,match_rate_pct,63.7,percent
month,2026-05,2026-05-31,faq_end_proxy_rate_pct,73.1,percent
month,2026-06,2026-06-30,total_requests,167,count
month,2026-06,2026-06-30,matched_requests,103,count
month,2026-06,2026-06-30,unmatched_requests,64,count
month,2026-06,2026-06-30,match_rate_pct,61.7,percent
month,2026-06,2026-06-30,faq_end_proxy_rate_pct,54.4,percent
