forecast_as_of_kst,source_period_start_kst,source_period_end_kst,horizon_weeks,forecast_period_start_kst,forecast_period_end_kst,scenario,scenario_label,baseline_days,baseline_requests,baseline_avg_daily_requests,baseline_match_rate_pct,expected_match_rate_pct,projected_total_requests,projected_matched_requests,projected_unmatched_requests,projected_match_gain_vs_baseline_count,assumption,confidence_note
2026-06-30T10:30:00.000,2026-05-20T22:17:36.044,2026-06-28T20:06:43.030,4,2026-07-01,2026-07-28,conservative,보수,40,262,6.55,62.6,79.4,183,145,38,30,재평가 개선 폭의 70%만 실제 운영에서 실현,통계 예측이 아닌 시나리오 계획값; 개선본 실제 표본 축적 후 재산출 필요
2026-06-30T10:30:00.000,2026-05-20T22:17:36.044,2026-06-28T20:06:43.030,4,2026-07-01,2026-07-28,base,기준,40,262,6.55,62.6,86.6,183,158,25,43,과거 미매칭 재평가 결과가 실제 운영에서도 동일하게 유지,통계 예측이 아닌 시나리오 계획값; 개선본 실제 표본 축적 후 재산출 필요
2026-06-30T10:30:00.000,2026-05-20T22:17:36.044,2026-06-28T20:06:43.030,4,2026-07-01,2026-07-28,target,목표,40,262,6.55,62.6,90,183,165,18,50,잔여 미매칭 보강과 오탈자 사전 운영 개선 후 목표치,통계 예측이 아닌 시나리오 계획값; 개선본 실제 표본 축적 후 재산출 필요
2026-06-30T10:30:00.000,2026-05-20T22:17:36.044,2026-06-28T20:06:43.030,8,2026-07-01,2026-08-25,conservative,보수,40,262,6.55,62.6,79.4,367,291,76,61,재평가 개선 폭의 70%만 실제 운영에서 실현,통계 예측이 아닌 시나리오 계획값; 개선본 실제 표본 축적 후 재산출 필요
2026-06-30T10:30:00.000,2026-05-20T22:17:36.044,2026-06-28T20:06:43.030,8,2026-07-01,2026-08-25,base,기준,40,262,6.55,62.6,86.6,367,318,49,88,과거 미매칭 재평가 결과가 실제 운영에서도 동일하게 유지,통계 예측이 아닌 시나리오 계획값; 개선본 실제 표본 축적 후 재산출 필요
2026-06-30T10:30:00.000,2026-05-20T22:17:36.044,2026-06-28T20:06:43.030,8,2026-07-01,2026-08-25,target,목표,40,262,6.55,62.6,90,367,330,37,100,잔여 미매칭 보강과 오탈자 사전 운영 개선 후 목표치,통계 예측이 아닌 시나리오 계획값; 개선본 실제 표본 축적 후 재산출 필요
2026-06-30T10:30:00.000,2026-05-20T22:17:36.044,2026-06-28T20:06:43.030,12,2026-07-01,2026-09-22,conservative,보수,40,262,6.55,62.6,79.4,550,437,113,93,재평가 개선 폭의 70%만 실제 운영에서 실현,통계 예측이 아닌 시나리오 계획값; 개선본 실제 표본 축적 후 재산출 필요
2026-06-30T10:30:00.000,2026-05-20T22:17:36.044,2026-06-28T20:06:43.030,12,2026-07-01,2026-09-22,base,기준,40,262,6.55,62.6,86.6,550,476,74,132,과거 미매칭 재평가 결과가 실제 운영에서도 동일하게 유지,통계 예측이 아닌 시나리오 계획값; 개선본 실제 표본 축적 후 재산출 필요
2026-06-30T10:30:00.000,2026-05-20T22:17:36.044,2026-06-28T20:06:43.030,12,2026-07-01,2026-09-22,target,목표,40,262,6.55,62.6,90,550,495,55,151,잔여 미매칭 보강과 오탈자 사전 운영 개선 후 목표치,통계 예측이 아닌 시나리오 계획값; 개선본 실제 표본 축적 후 재산출 필요
